us_name,us_code
4040:6a1d05c6f8a9e658:1015d10db6d3,D21
4040:6a1d05c6f8a9e658:10164703b8ae,B22
4040:6a1d05c6f8a9e658:101ad0712088,B32
4040:6a1d05c6f8a9e658:10802df600c5,B62
4040:6a1d05c6f8a9e658:108217da4ff6,B60
4040:6a1d05c6f8a9e658:10a1f537baa6,B65
4040:6a1d05c6f8a9e658:10a63425b63d,F16
4040:6a1d05c6f8a9e658:10d0e900e46b,F02
4040:6a1d05c6f8a9e658:10f197018131,B32
4040:6a1d05c6f8a9e658:112b0a9b3309,F02
4040:6a1d05c6f8a9e658:113c9f3fee85,B65
4040:6a1d05c6f8a9e658:118bcc0407ca,H01
4040:6a1d05c6f8a9e658:11932ce75fe8,H04
4040:6a1d05c6f8a9e658:11df67bb976c,B65
4040:6a1d05c6f8a9e658:11fd5d474915,F02
4040:6a1d05c6f8a9e658:1244cf3fc468,B05
4040:6a1d05c6f8a9e658:129926752003,A63
4040:6a1d05c6f8a9e658:12afbbe3c3f1,F02
4040:6a1d05c6f8a9e658:12b58f41ef4b,F02
4040:6a1d05c6f8a9e658:12c7e471ef6a,G06
4040:6a1d05c6f8a9e658:12ce536757b0,B23
4040:6a1d05c6f8a9e658:132dc57b3124,B01
4040:6a1d05c6f8a9e658:1343b4fe781b,B32
4040:6a1d05c6f8a9e658:1361f530627b,H04
4040:6a1d05c6f8a9e658:1377c1945c3f,F16
4040:6a1d05c6f8a9e658:1388fe32f359,H04
4040:6a1d05c6f8a9e658:13896a657820,G09
4040:6a1d05c6f8a9e658:1398a5d06007,B32
4040:6a1d05c6f8a9e658:13a0e5a4f626,G06
4040:6a1d05c6f8a9e658:13e376f53316,H01
4040:6a1d05c6f8a9e658:143395f2a619,H03
4040:6a1d05c6f8a9e658:1460657ef3fc,G06
4040:6a1d05c6f8a9e658:1476c230b888,G06
4040:6a1d05c6f8a9e658:149be380f725,A62
4040:6a1d05c6f8a9e658:14e454b3d23,F01
4040:6a1d05c6f8a9e658:14f15005db7b,B65
4040:6a1d05c6f8a9e658:15027a0eda04,G06
4040:6a1d05c6f8a9e658:151c6f83e99f,F02
4040:6a1d05c6f8a9e658:152edc55659e,B65
4040:6a1d05c6f8a9e658:153fba5442d2,G06
4040:6a1d05c6f8a9e658:15518af3cfc5,F01
4040:6a1d05c6f8a9e658:159bf957884d,B21
4040:6a1d05c6f8a9e658:160d5db13c25,F01
4040:6a1d05c6f8a9e658:1651a88bc823,G02
4040:6a1d05c6f8a9e658:167bf049c419,G06
4040:6a1d05c6f8a9e658:169e89bd03cd,H02
4040:6a1d05c6f8a9e658:16c7cf11dd88,G06
4040:6a1d05c6f8a9e658:16dd8b4bc646,G06
4040:6a1d05c6f8a9e658:16e86a7e335f,H04
4040:6a1d05c6f8a9e658:172c403ac582,G01
4040:6a1d05c6f8a9e658:17466bc404c2,B60
4040:6a1d05c6f8a9e658:17b067ba97b,G06
4040:6a1d05c6f8a9e658:17c8d4ba9bdf,H02
4040:6a1d05c6f8a9e658:1832fe6173c8,E04
4040:6a1d05c6f8a9e658:185b0950292b,H01
4040:6a1d05c6f8a9e658:18923c3def9f,F01
4040:6a1d05c6f8a9e658:189ee75ce7fd,H03
4040:6a1d05c6f8a9e658:18c2bd297e84,F01
4040:6a1d05c6f8a9e658:18f75a847a57,F02
4040:6a1d05c6f8a9e658:19263c113ac5,H03
4040:6a1d05c6f8a9e658:192eb24af6f0,B01
4040:6a1d05c6f8a9e658:19677dea6e35,H04
4040:6a1d05c6f8a9e658:19719f6336c7,H03
4040:6a1d05c6f8a9e658:1980e876253d,G06
4040:6a1d05c6f8a9e658:198d01f4a245,H04
4040:6a1d05c6f8a9e658:19c3ec6e59d4,F25
4040:6a1d05c6f8a9e658:19c6f2b8f9ab,B01
4040:6a1d05c6f8a9e658:1a38ec2b7eb7,F02
4040:6a1d05c6f8a9e658:1a607098affa,C22
4040:6a1d05c6f8a9e658:1ab76ed732f8,F21
4040:6a1d05c6f8a9e658:1ac22ae0ff85,G01
4040:6a1d05c6f8a9e658:1adb6938016d,F02
4040:6a1d05c6f8a9e658:1aff048e5483,H01
4040:6a1d05c6f8a9e658:1aff48e1a606,G06
4040:6a1d05c6f8a9e658:1b3dd0539b61,H01
4040:6a1d05c6f8a9e658:1b51ab6b110,H01
4040:6a1d05c6f8a9e658:1b62242f288d,B01
4040:6a1d05c6f8a9e658:1b6e5d495378,H01
4040:6a1d05c6f8a9e658:1b77b8752b68,G09
4040:6a1d05c6f8a9e658:1bcbb4ff5a4c,C08
4040:6a1d05c6f8a9e658:1bdf8bcdd0fe,C12
4040:6a1d05c6f8a9e658:1bee84e04fe,B01
4040:6a1d05c6f8a9e658:1bf3ca72217c,A61
4040:6a1d05c6f8a9e658:1c0f8f22fd87,F01
4040:6a1d05c6f8a9e658:1c185bafcd48,C10
4040:6a1d05c6f8a9e658:1c4b3ad0b8d1,A01
4040:6a1d05c6f8a9e658:1c56c9aa7691,G10
4040:6a1d05c6f8a9e658:1c5926eac652,C09
4040:6a1d05c6f8a9e658:1c5e760500d0,F01
4040:6a1d05c6f8a9e658:1c8d348126cd,B01
4040:6a1d05c6f8a9e658:1c93259f9497,G10
4040:6a1d05c6f8a9e658:1c9ba2461ca3,A63
4040:6a1d05c6f8a9e658:1cd80b6ee708,G06
4040:6a1d05c6f8a9e658:1d933bd71ec4,H03
4040:6a1d05c6f8a9e658:1d9b06931fe,B60
4040:6a1d05c6f8a9e658:1dc73b9c4efd,B32
4040:6a1d05c6f8a9e658:1de8e113f718,B32
4040:6a1d05c6f8a9e658:1e37588e6c20,G06
4040:6a1d05c6f8a9e658:1e842ac50388,G01
4040:6a1d05c6f8a9e658:1ea453f85ac,H02
4040:6a1d05c6f8a9e658:1f04175e50bf,C08
4040:6a1d05c6f8a9e658:1f11c1d1d95b,H01
4040:6a1d05c6f8a9e658:1f2661cfc04d,B62
4040:6a1d05c6f8a9e658:1f26c1ef9c2d,C08
4040:6a1d05c6f8a9e658:1f5aebbf73ae,H04
4040:6a1d05c6f8a9e658:1f955442135d,G06
4040:6a1d05c6f8a9e658:1fa446f1ba65,F16
4040:6a1d05c6f8a9e658:1ffafb1d8a93,B05
4040:6a1d05c6f8a9e658:2005ce9520b,F16
4040:6a1d05c6f8a9e658:202a5d642014,B32
4040:6a1d05c6f8a9e658:202afd6c059f,H04
4040:6a1d05c6f8a9e658:20367b432c14,C01
4040:6a1d05c6f8a9e658:203e6d3ef3f6,G06
4040:6a1d05c6f8a9e658:205c5df368e9,F23
4040:6a1d05c6f8a9e658:2070b5915d44,D21
4040:6a1d05c6f8a9e658:209af3d530e3,G06
4040:6a1d05c6f8a9e658:20b17c160741,F01
4040:6a1d05c6f8a9e658:20f72ac51376,B01
4040:6a1d05c6f8a9e658:213d38e6115e,A01
4040:6a1d05c6f8a9e658:21447ebdeea8,B26
4040:6a1d05c6f8a9e658:215c4cfcfde3,F02
4040:6a1d05c6f8a9e658:21714bc01eed,H02
4040:6a1d05c6f8a9e658:21b3b6696d6a,H01
4040:6a1d05c6f8a9e658:21be65c273a7,H03
4040:6a1d05c6f8a9e658:21ede12b3d4e,F02
4040:6a1d05c6f8a9e658:223bd110b201,F25
4040:6a1d05c6f8a9e658:229de2bb9115,G09
4040:6a1d05c6f8a9e658:22e703434681,B01
4040:6a1d05c6f8a9e658:232e69791d63,A61
4040:6a1d05c6f8a9e658:2382a0b85765,B65
4040:6a1d05c6f8a9e658:23833b8130ca,F01
4040:6a1d05c6f8a9e658:238d42b09fe8,F04
4040:6a1d05c6f8a9e658:23a5849ee6c4,B65
4040:6a1d05c6f8a9e658:23c2d560c825,B01
4040:6a1d05c6f8a9e658:23d8d4a68a84,E01
4040:6a1d05c6f8a9e658:2406337c1039,A46
4040:6a1d05c6f8a9e658:2430a74590d7,F02
4040:6a1d05c6f8a9e658:24592fd9e0c9,B65
4040:6a1d05c6f8a9e658:2463c9592abe,G01
4040:6a1d05c6f8a9e658:24bd53d28239,B02
4040:6a1d05c6f8a9e658:24ebb6088f8f,G01
4040:6a1d05c6f8a9e658:2523e84775b4,B65
4040:6a1d05c6f8a9e658:252db4a5443,F01
4040:6a1d05c6f8a9e658:2561b62e452,F02
4040:6a1d05c6f8a9e658:2588c10ecd0,E21
4040:6a1d05c6f8a9e658:2591a7a41ceb,G05
4040:6a1d05c6f8a9e658:25d135e3ddd5,C10
4040:6a1d05c6f8a9e658:25e1c18d9a3d,F04
4040:6a1d05c6f8a9e658:261cedfb7d29,B21
4040:6a1d05c6f8a9e658:26997084fdd9,F02
4040:6a1d05c6f8a9e658:26b4d5e9efe8,H04
4040:6a1d05c6f8a9e658:26c88bacf62b,B65
4040:6a1d05c6f8a9e658:271c85d7c54b,A63
4040:6a1d05c6f8a9e658:2729f562c55d,H04
4040:6a1d05c6f8a9e658:2763efcdc1b4,B60
4040:6a1d05c6f8a9e658:2799b8862489,A46
4040:6a1d05c6f8a9e658:27b9cc3f3570,G10
4040:6a1d05c6f8a9e658:2819773502b9,G08
4040:6a1d05c6f8a9e658:2836456ff9d7,B62
4040:6a1d05c6f8a9e658:2886964102fd,H02
4040:6a1d05c6f8a9e658:28a743c740e0,B60
4040:6a1d05c6f8a9e658:28b33652c3d9,G06
4040:6a1d05c6f8a9e658:28f82b721270,B28
4040:6a1d05c6f8a9e658:293cf30adc8,F02
4040:6a1d05c6f8a9e658:295b2f2dfdc5,H01
4040:6a1d05c6f8a9e658:295b547f0480,B60
4040:6a1d05c6f8a9e658:29bc1ae3f199,B01
4040:6a1d05c6f8a9e658:2a138fd1df08,C07
4040:6a1d05c6f8a9e658:2a1e12670d8a,G01
4040:6a1d05c6f8a9e658:2a370e7d07fd,H03
4040:6a1d05c6f8a9e658:2a5ccc1e15d1,G06
4040:6a1d05c6f8a9e658:2a95c7de0b86,B29
4040:6a1d05c6f8a9e658:2ac1630c2eb0,C12
4040:6a1d05c6f8a9e658:2ac5dce2137c,G06
4040:6a1d05c6f8a9e658:2af0a58e993c,G09
4040:6a1d05c6f8a9e658:2af13a5bb3ab,B60
4040:6a1d05c6f8a9e658:2af2991ae634,H04
4040:6a1d05c6f8a9e658:2b730c156df3,G08
4040:6a1d05c6f8a9e658:2bf2cb3f4678,B29
4040:6a1d05c6f8a9e658:2bf9324b9165,C09
4040:6a1d05c6f8a9e658:2c06abeb08c5,G08
4040:6a1d05c6f8a9e658:2c1bb487c308,C23
4040:6a1d05c6f8a9e658:2c68a365e19c,G06
4040:6a1d05c6f8a9e658:2c7f80a9035,E04
4040:6a1d05c6f8a9e658:2c8bbe536017,B32
4040:6a1d05c6f8a9e658:2cfe25ae0207,B65
4040:6a1d05c6f8a9e658:2d55a45bb648,F01
4040:6a1d05c6f8a9e658:2d893c87460c,G09
4040:6a1d05c6f8a9e658:2da8e925d4be,B65
4040:6a1d05c6f8a9e658:2dc06fb955e3,G05
4040:6a1d05c6f8a9e658:2dc80df9b487,B32
4040:6a1d05c6f8a9e658:2dd7583f2078,G06
4040:6a1d05c6f8a9e658:2e0cfe67b86e,F01
4040:6a1d05c6f8a9e658:2e148be07c81,B60
4040:6a1d05c6f8a9e658:2e504750371d,B64
4040:6a1d05c6f8a9e658:2e578096a8a4,G06
4040:6a1d05c6f8a9e658:2e82a0180596,G06
4040:6a1d05c6f8a9e658:2e882af4374,H04
4040:6a1d05c6f8a9e658:2ea6bd70e511,B60
4040:6a1d05c6f8a9e658:2eab8296f360,G06
4040:6a1d05c6f8a9e658:2ef1b3161f3b,C08
4040:6a1d05c6f8a9e658:2efd8de33fd0,A61
4040:6a1d05c6f8a9e658:2f0c77160cca,F01
4040:6a1d05c6f8a9e658:2f10c9492f04,B65
4040:6a1d05c6f8a9e658:2f2a26486fed,D21
4040:6a1d05c6f8a9e658:2f5541412a29,H04
4040:6a1d05c6f8a9e658:2f6d91788eb,H04
4040:6a1d05c6f8a9e658:2f8702ac1e63,B62
4040:6a1d05c6f8a9e658:2f9750db7810,B64
4040:6a1d05c6f8a9e658:300b7c18811b,G05
4040:6a1d05c6f8a9e658:305bf23beb6d,B29
4040:6a1d05c6f8a9e658:307109478f,A23
4040:6a1d05c6f8a9e658:3073eb8a4c31,G01
4040:6a1d05c6f8a9e658:3098e65c7442,H04
4040:6a1d05c6f8a9e658:30b06102650e,G08
4040:6a1d05c6f8a9e658:30b6ae13b58d,B05
4040:6a1d05c6f8a9e658:3110218964ef,G09
4040:6a1d05c6f8a9e658:3122881168d,G06
4040:6a1d05c6f8a9e658:31312bb88882,G06
4040:6a1d05c6f8a9e658:316d92b9f1a9,B32
4040:6a1d05c6f8a9e658:31bb6a715b80,F16
4040:6a1d05c6f8a9e658:31be00e270d,B60
4040:6a1d05c6f8a9e658:31f6f4092bae,C21
4040:6a1d05c6f8a9e658:320d11a67175,G06
4040:6a1d05c6f8a9e658:32647a3d7179,E02
4040:6a1d05c6f8a9e658:32e46a4eef99,F01
4040:6a1d05c6f8a9e658:339c4a6d0ea0,C12
4040:6a1d05c6f8a9e658:339e0911cfef,G09
4040:6a1d05c6f8a9e658:340af2d548e5,G01
4040:6a1d05c6f8a9e658:3473883d5b8a,F02
4040:6a1d05c6f8a9e658:3487dd64abe7,B01
4040:6a1d05c6f8a9e658:349c09fba141,H03
4040:6a1d05c6f8a9e658:34b8f7bec3ad,G09
4040:6a1d05c6f8a9e658:34be330b4963,B67
4040:6a1d05c6f8a9e658:34ec88408f22,G01
4040:6a1d05c6f8a9e658:34ed28483c3,A45
4040:6a1d05c6f8a9e658:35786d03294a,G02
4040:6a1d05c6f8a9e658:35902b1e61ff,C21
4040:6a1d05c6f8a9e658:35b892a5a3d0,B32
4040:6a1d05c6f8a9e658:35bb93cb099d,F21
4040:6a1d05c6f8a9e658:35da0484294f,B60
4040:6a1d05c6f8a9e658:35fd505d3aad,F02
4040:6a1d05c6f8a9e658:3616955cdd4b,B67
4040:6a1d05c6f8a9e658:36f56d8e485c,B01
4040:6a1d05c6f8a9e658:373a8492b4fa,G10
4040:6a1d05c6f8a9e658:373b10e4a113,H04
4040:6a1d05c6f8a9e658:37fb90fb568c,G06
4040:6a1d05c6f8a9e658:3803be983f31,G08
4040:6a1d05c6f8a9e658:3822fe7ffb01,G01
4040:6a1d05c6f8a9e658:384b769023af,B32
4040:6a1d05c6f8a9e658:386ad83aadd1,H01
4040:6a1d05c6f8a9e658:38a270edf552,H04
4040:6a1d05c6f8a9e658:38a5ba2bfcba,C10
4040:6a1d05c6f8a9e658:38d6d11e836,H04
4040:6a1d05c6f8a9e658:38e7f78b7e4b,B65
4040:6a1d05c6f8a9e658:390e779814b8,B03
4040:6a1d05c6f8a9e658:3913546d57d4,G05
4040:6a1d05c6f8a9e658:399414fc9155,H01
4040:6a1d05c6f8a9e658:3a3a82d13e2c,A61
4040:6a1d05c6f8a9e658:3a49e10eba79,B60
4040:6a1d05c6f8a9e658:3a61286a87fb,H04
4040:6a1d05c6f8a9e658:3a8ed63be31a,H02
4040:6a1d05c6f8a9e658:3ac2e44891c8,B65
4040:6a1d05c6f8a9e658:3ac859e56a2a,G21
4040:6a1d05c6f8a9e658:3ad0128c1c79,F27
4040:6a1d05c6f8a9e658:3af7057e17af,C11
4040:6a1d05c6f8a9e658:3afd15edc618,H05
4040:6a1d05c6f8a9e658:3b0e73f93af0,G06
4040:6a1d05c6f8a9e658:3b6a64d22049,G05
4040:6a1d05c6f8a9e658:3bab31bacb37,H04
4040:6a1d05c6f8a9e658:3bb4cdb05349,B41
4040:6a1d05c6f8a9e658:3c0f43850631,B60
4040:6a1d05c6f8a9e658:3c169a77731b,B65
4040:6a1d05c6f8a9e658:3c3d654fc40c,F15
4040:6a1d05c6f8a9e658:3c9b228fa97a,F16
4040:6a1d05c6f8a9e658:3d21c86ce9db,H04
4040:6a1d05c6f8a9e658:3d45e1ad2b9b,B03
4040:6a1d05c6f8a9e658:3d5bffd188c4,G06
4040:6a1d05c6f8a9e658:3d8457c1e1ea,B60
4040:6a1d05c6f8a9e658:3df31e9c304a,B65
4040:6a1d05c6f8a9e658:3e8158c31266,B65
4040:6a1d05c6f8a9e658:3eaaac070dc1,A61
4040:6a1d05c6f8a9e658:3eb782c53b3b,B32
4040:6a1d05c6f8a9e658:3f0445686556,B67
4040:6a1d05c6f8a9e658:3f06e87246b4,G08
4040:6a1d05c6f8a9e658:3f1249f93a1e,B62
4040:6a1d05c6f8a9e658:3fd02e0894ea,F16
4040:6a1d05c6f8a9e658:3ff6a094198b,B65
4040:6a1d05c6f8a9e658:400fe8a753f7,B60
4040:6a1d05c6f8a9e658:4065c30989c3,C12
4040:6a1d05c6f8a9e658:4088447aa7e9,F02
4040:6a1d05c6f8a9e658:40985ea3eda4,C07
4040:6a1d05c6f8a9e658:40acc34c62d7,A61
4040:6a1d05c6f8a9e658:40c1fb20b21d,B01
4040:6a1d05c6f8a9e658:412d65982f72,F16
4040:6a1d05c6f8a9e658:415ee1a2db08,D03
4040:6a1d05c6f8a9e658:419a0396c769,F04
4040:6a1d05c6f8a9e658:419e847b04e6,A01
4040:6a1d05c6f8a9e658:41a194d76c8b,A01
4040:6a1d05c6f8a9e658:41c68b35e27d,G01
4040:6a1d05c6f8a9e658:41ce3bdc9c0f,F16
4040:6a1d05c6f8a9e658:41e39ccdad05,G03
4040:6a1d05c6f8a9e658:41f54fbed56e,B65
4040:6a1d05c6f8a9e658:421d1c957d6d,F01
4040:6a1d05c6f8a9e658:423ec94970a8,F02
4040:6a1d05c6f8a9e658:428011895155,G06
4040:6a1d05c6f8a9e658:42bd390b7712,B65
4040:6a1d05c6f8a9e658:42bd92aa4ae7,C08
4040:6a1d05c6f8a9e658:42ec25c487aa,G06
4040:6a1d05c6f8a9e658:42f3041891e4,H01
4040:6a1d05c6f8a9e658:42fc39d7f385,C30
4040:6a1d05c6f8a9e658:43307186d1e9,F02
4040:6a1d05c6f8a9e658:43317436732,B05
4040:6a1d05c6f8a9e658:434fbd0a8d39,F02
4040:6a1d05c6f8a9e658:43cc03297f18,B32
4040:6a1d05c6f8a9e658:4427344b734e,B01
4040:6a1d05c6f8a9e658:449fb9c3911c,B32
4040:6a1d05c6f8a9e658:44a88c96fbfd,G06
4040:6a1d05c6f8a9e658:44d431f2da69,H04
4040:6a1d05c6f8a9e658:44e35d686c9,E02
4040:6a1d05c6f8a9e658:451fff516474,B21
4040:6a1d05c6f8a9e658:4559c853ab6,C04
4040:6a1d05c6f8a9e658:4581c0907561,C08
4040:6a1d05c6f8a9e658:45883008e5fb,B65
4040:6a1d05c6f8a9e658:45c5d720fc63,B65
4040:6a1d05c6f8a9e658:45d3db968361,G01
4040:6a1d05c6f8a9e658:45f14e5c005d,G06
4040:6a1d05c6f8a9e658:46018b83d829,G09
4040:6a1d05c6f8a9e658:464be1d94054,B21
4040:6a1d05c6f8a9e658:46cc4be802ce,B05
4040:6a1d05c6f8a9e658:46d2c2a22f6d,G05
4040:6a1d05c6f8a9e658:46eed89fe37f,H04
4040:6a1d05c6f8a9e658:470c300902a3,C11
4040:6a1d05c6f8a9e658:4717a1218e8f,G06
4040:6a1d05c6f8a9e658:47bf7837500e,H04
4040:6a1d05c6f8a9e658:47d0decf188e,B65
4040:6a1d05c6f8a9e658:482411cbfa81,B60
4040:6a1d05c6f8a9e658:4824c8c97621,F16
4040:6a1d05c6f8a9e658:485b09039af1,B05
4040:6a1d05c6f8a9e658:48bdae2f7854,G01
4040:6a1d05c6f8a9e658:48c7070c84e3,A01
4040:6a1d05c6f8a9e658:490e551a273e,B01
4040:6a1d05c6f8a9e658:4913a08ddd8b,B21
4040:6a1d05c6f8a9e658:4927e0d17e56,F16
4040:6a1d05c6f8a9e658:49eabc0e72cf,B21
4040:6a1d05c6f8a9e658:4a157aa82ea8,F16
4040:6a1d05c6f8a9e658:4a18e8265726,B32
4040:6a1d05c6f8a9e658:4a6002779710,B01
4040:6a1d05c6f8a9e658:4a63448a363a,H04
4040:6a1d05c6f8a9e658:4a6a8c2db147,E04
4040:6a1d05c6f8a9e658:4a7f16c44a5b,F16
4040:6a1d05c6f8a9e658:4a9fdca04cc9,F02
4040:6a1d05c6f8a9e658:4ab46d8a395d,C02
4040:6a1d05c6f8a9e658:4acbe03012e0,F02
4040:6a1d05c6f8a9e658:4b7093f8048d,A47
4040:6a1d05c6f8a9e658:4b905216fe00,F02
4040:6a1d05c6f8a9e658:4babca121154,G06
4040:6a1d05c6f8a9e658:4bd93b5eab51,F02
4040:6a1d05c6f8a9e658:4bdc623210ba,G03
4040:6a1d05c6f8a9e658:4be13556a52d,B21
4040:6a1d05c6f8a9e658:4bf898eb0e77,H04
4040:6a1d05c6f8a9e658:4bf99ba3294d,F02
4040:6a1d05c6f8a9e658:4c310bce7688,G01
4040:6a1d05c6f8a9e658:4c508ebb9a0,G06
4040:6a1d05c6f8a9e658:4c5fed048dfa,F01
4040:6a1d05c6f8a9e658:4c700df151f0,B65
4040:6a1d05c6f8a9e658:4ca986c09ba9,G09
4040:6a1d05c6f8a9e658:4cac35265a31,C04
4040:6a1d05c6f8a9e658:4cea6a512ac1,G01
4040:6a1d05c6f8a9e658:4cf8df913828,G06
4040:6a1d05c6f8a9e658:4d0781e4ccbe,C01
4040:6a1d05c6f8a9e658:4d40af01c56b,B32
4040:6a1d05c6f8a9e658:4d514fa0ccf,F16
4040:6a1d05c6f8a9e658:4d5ae612fa0c,B32
4040:6a1d05c6f8a9e658:4d5d6963e673,F16
4040:6a1d05c6f8a9e658:4d74406dbb72,B60
4040:6a1d05c6f8a9e658:4d7aef67deff,D03
4040:6a1d05c6f8a9e658:4dc7daa1c57c,H04
4040:6a1d05c6f8a9e658:4ddb27dc1b9e,F02
4040:6a1d05c6f8a9e658:4de066860ce2,F02
4040:6a1d05c6f8a9e658:4de546bbd3c5,H04
4040:6a1d05c6f8a9e658:4df6245db5ed,F25
4040:6a1d05c6f8a9e658:4e1f488f902,B32
4040:6a1d05c6f8a9e658:4e2eb47e6ef5,F02
4040:6a1d05c6f8a9e658:4e740a0ab4c,A63
4040:6a1d05c6f8a9e658:4e768e596757,G03
4040:6a1d05c6f8a9e658:4e9be76590c1,H03
4040:6a1d05c6f8a9e658:4ed82824796,F16
4040:6a1d05c6f8a9e658:4ef47d7b95b7,B60
4040:6a1d05c6f8a9e658:4f09fa50e975,F02
4040:6a1d05c6f8a9e658:4f2a88747b0,B65
4040:6a1d05c6f8a9e658:4f363cc78ba1,H04
4040:6a1d05c6f8a9e658:4f613b2efe15,G06
4040:6a1d05c6f8a9e658:4f64f8651dcc,F16
4040:6a1d05c6f8a9e658:4f84dc6cd386,B60
4040:6a1d05c6f8a9e658:4fbd7aab6caa,A23
4040:6a1d05c6f8a9e658:4fea8bccaf3,B32
4040:6a1d05c6f8a9e658:4fed59b4ac36,C01
4040:6a1d05c6f8a9e658:50016cc088ae,F16
4040:6a1d05c6f8a9e658:501dd0b6975c,A01
4040:6a1d05c6f8a9e658:504229f13f49,H04
4040:6a1d05c6f8a9e658:504f6d612392,G02
4040:6a1d05c6f8a9e658:507900fd527,B65
4040:6a1d05c6f8a9e658:512b8ed1e6d4,F02
4040:6a1d05c6f8a9e658:5191346bf779,F02
4040:6a1d05c6f8a9e658:51f333e77993,G01
4040:6a1d05c6f8a9e658:5256cbac9417,A47
4040:6a1d05c6f8a9e658:527c41e34681,B62
4040:6a1d05c6f8a9e658:527d7c1629c3,B65
4040:6a1d05c6f8a9e658:52aaf1836dc0,B01
4040:6a1d05c6f8a9e658:52cf09f5f47e,F16
4040:6a1d05c6f8a9e658:530eef9cd6dc,B65
4040:6a1d05c6f8a9e658:5319ef227cd6,B01
4040:6a1d05c6f8a9e658:5334d6d35d24,G01
4040:6a1d05c6f8a9e658:5398644dad91,G08
4040:6a1d05c6f8a9e658:539de0e91ef4,A46
4040:6a1d05c6f8a9e658:53dd005f6738,C08
4040:6a1d05c6f8a9e658:53ed89a8f8ed,A61
4040:6a1d05c6f8a9e658:540eed57d552,G06
4040:6a1d05c6f8a9e658:541b96b0b9ea,A63
4040:6a1d05c6f8a9e658:5431f60817af,H04
4040:6a1d05c6f8a9e658:544bfd2f6490,B60
4040:6a1d05c6f8a9e658:5453cb82ee5d,G08
4040:6a1d05c6f8a9e658:545601606096,B60
4040:6a1d05c6f8a9e658:545770ad13af,G09
4040:6a1d05c6f8a9e658:546a5a7a735b,B32
4040:6a1d05c6f8a9e658:546f9b328466,B60
4040:6a1d05c6f8a9e658:547068386a0f,B22
4040:6a1d05c6f8a9e658:54a75570c89,H04
4040:6a1d05c6f8a9e658:54b435078ed,B62
4040:6a1d05c6f8a9e658:54dab351e19c,H02
4040:6a1d05c6f8a9e658:54e52e53636,A23
4040:6a1d05c6f8a9e658:54e5fd47488,F16
4040:6a1d05c6f8a9e658:54f512d06089,A47
4040:6a1d05c6f8a9e658:552e165639f2,H05
4040:6a1d05c6f8a9e658:558009dcf1fc,F02
4040:6a1d05c6f8a9e658:55d5aaafd3fa,A61
4040:6a1d05c6f8a9e658:55df15583b48,F23
4040:6a1d05c6f8a9e658:5642a2676a30,G06
4040:6a1d05c6f8a9e658:56b2ad443c87,G09
4040:6a1d05c6f8a9e658:56c9734f87ba,H01
4040:6a1d05c6f8a9e658:56f176c57f40,B28
4040:6a1d05c6f8a9e658:570cf50fe3ce,E06
4040:6a1d05c6f8a9e658:5716fb8d9694,C22
4040:6a1d05c6f8a9e658:571f41a1c582,B32
4040:6a1d05c6f8a9e658:578fe90201e4,F01
4040:6a1d05c6f8a9e658:57979a65ef5e,D21
4040:6a1d05c6f8a9e658:579cbc84a535,F02
4040:6a1d05c6f8a9e658:57e78c9c8d64,C01
4040:6a1d05c6f8a9e658:5802bb74a4b3,B32
4040:6a1d05c6f8a9e658:580b08d4d97b,G09
4040:6a1d05c6f8a9e658:58876c85fdd2,F16
4040:6a1d05c6f8a9e658:58b0c805fb74,C21
4040:6a1d05c6f8a9e658:58b54a14d239,F02
4040:6a1d05c6f8a9e658:58e04ef310a,B08
4040:6a1d05c6f8a9e658:5919e0085288,G08
4040:6a1d05c6f8a9e658:59620b62a669,G01
4040:6a1d05c6f8a9e658:59652905ef86,B65
4040:6a1d05c6f8a9e658:59708245b442,C23
4040:6a1d05c6f8a9e658:5977376b55c2,B05
4040:6a1d05c6f8a9e658:59b9e00ca91,H03
4040:6a1d05c6f8a9e658:59c124113329,C08
4040:6a1d05c6f8a9e658:59c905087aed,G06
4040:6a1d05c6f8a9e658:59d45451aff0,C02
4040:6a1d05c6f8a9e658:5a06d225a5c7,B05
4040:6a1d05c6f8a9e658:5a4e6afe71b8,G06
4040:6a1d05c6f8a9e658:5a571150a561,A62
4040:6a1d05c6f8a9e658:5a7f3fdf3895,H02
4040:6a1d05c6f8a9e658:5a814be9448,H04
4040:6a1d05c6f8a9e658:5a9538b2bcf5,F25
4040:6a1d05c6f8a9e658:5a98d361a4aa,G06
4040:6a1d05c6f8a9e658:5a9ff3600107,F16
4040:6a1d05c6f8a9e658:5b3168c8264b,G01
4040:6a1d05c6f8a9e658:5b46c0c0c34e,B60
4040:6a1d05c6f8a9e658:5b56e0634a94,B22
4040:6a1d05c6f8a9e658:5b5a4ba3a5f,F16
4040:6a1d05c6f8a9e658:5b8a96aabde1,B66
4040:6a1d05c6f8a9e658:5ba99742f1a3,F02
4040:6a1d05c6f8a9e658:5bbc336c905d,F02
4040:6a1d05c6f8a9e658:5bfaf64f7fbf,B23
4040:6a1d05c6f8a9e658:5bfc7806f780,B32
4040:6a1d05c6f8a9e658:5bfdec2fd8f7,G05
4040:6a1d05c6f8a9e658:5c397130a2d3,G06
4040:6a1d05c6f8a9e658:5c8fb2935dbc,F02
4040:6a1d05c6f8a9e658:5ca3fe18fc23,G06
4040:6a1d05c6f8a9e658:5cd347a8a087,G06
4040:6a1d05c6f8a9e658:5d186cedbc79,G08
4040:6a1d05c6f8a9e658:5d26e394d7f5,F04
4040:6a1d05c6f8a9e658:5d3de333c124,A63
4040:6a1d05c6f8a9e658:5d63b2e20ac8,G06
4040:6a1d05c6f8a9e658:5d745e436307,A46
4040:6a1d05c6f8a9e658:5da0a03ecd6e,B65
4040:6a1d05c6f8a9e658:5de459a28b4c,G06
4040:6a1d05c6f8a9e658:5df025e4082c,G06
4040:6a1d05c6f8a9e658:5e23a2d0976a,G08
4040:6a1d05c6f8a9e658:5e3d2f5f015a,G06
4040:6a1d05c6f8a9e658:5e668aa2c5e0,H04
4040:6a1d05c6f8a9e658:5e8efb839bea,C08
4040:6a1d05c6f8a9e658:5ef9b0fe15c5,G08
4040:6a1d05c6f8a9e658:5f14b756df04,H01
4040:6a1d05c6f8a9e658:5f4220091374,B23
4040:6a1d05c6f8a9e658:5f8963142018,B05
4040:6a1d05c6f8a9e658:5fb89b5b6b7d,B60
4040:6a1d05c6f8a9e658:5fbfcd7e580b,B05
4040:6a1d05c6f8a9e658:5fc51248bd7a,C01
4040:6a1d05c6f8a9e658:5fc9bd32ef5b,B60
4040:6a1d05c6f8a9e658:6019cf5de8f4,F02
4040:6a1d05c6f8a9e658:605518efe328,F01
4040:6a1d05c6f8a9e658:6082a2641ce8,H03
4040:6a1d05c6f8a9e658:60c788bfc43,H04
4040:6a1d05c6f8a9e658:60f2b9ab7805,G02
4040:6a1d05c6f8a9e658:6110875e13e9,G06
4040:6a1d05c6f8a9e658:6171b04bb59d,F02
4040:6a1d05c6f8a9e658:617e1c0a885b,F16
4040:6a1d05c6f8a9e658:617eb36ff878,G06
4040:6a1d05c6f8a9e658:61a011bc844a,A22
4040:6a1d05c6f8a9e658:61ae298afade,B67
4040:6a1d05c6f8a9e658:620da6b042e,A47
4040:6a1d05c6f8a9e658:62254fef76df,B01
4040:6a1d05c6f8a9e658:625396029b8e,F21
4040:6a1d05c6f8a9e658:626086963966,G01
4040:6a1d05c6f8a9e658:62ad421c904f,G08
4040:6a1d05c6f8a9e658:62c55ca79ba1,H04
4040:6a1d05c6f8a9e658:62f47b593974,G06
4040:6a1d05c6f8a9e658:632b85ff329c,G06
4040:6a1d05c6f8a9e658:633219a0079c,B32
4040:6a1d05c6f8a9e658:6340371a9bbb,F16
4040:6a1d05c6f8a9e658:63536609aaad,G06
4040:6a1d05c6f8a9e658:6374e6ca5b6e,B60
4040:6a1d05c6f8a9e658:638547ceff6e,F02
4040:6a1d05c6f8a9e658:63c4e3e0046e,B29
4040:6a1d05c6f8a9e658:63cccb6ef5e5,B60
4040:6a1d05c6f8a9e658:63ecb2eecd4a,B29
4040:6a1d05c6f8a9e658:63edf90ef923,G08
4040:6a1d05c6f8a9e658:63fce2914c74,B32
4040:6a1d05c6f8a9e658:63ffa0839a33,C09
4040:6a1d05c6f8a9e658:642fea2ba1b3,B28
4040:6a1d05c6f8a9e658:6433170ab3b8,B60
4040:6a1d05c6f8a9e658:645531d875b0,C09
4040:6a1d05c6f8a9e658:647b989da286,F02
4040:6a1d05c6f8a9e658:6498f775c70f,F02
4040:6a1d05c6f8a9e658:64a38e5f9502,C23
4040:6a1d05c6f8a9e658:64b655bcafea,B60
4040:6a1d05c6f8a9e658:64cb3dd7c07f,G06
4040:6a1d05c6f8a9e658:65188b9d53f2,H04
4040:6a1d05c6f8a9e658:6518c7d9b9ac,F02
4040:6a1d05c6f8a9e658:658b63228604,F03
4040:6a1d05c6f8a9e658:65a7b8ca5388,F02
4040:6a1d05c6f8a9e658:65b110e86d66,G01
4040:6a1d05c6f8a9e658:65c62402aaa9,B03
4040:6a1d05c6f8a9e658:65cbfc2a2fbe,H04
4040:6a1d05c6f8a9e658:662eda674cad,H01
4040:6a1d05c6f8a9e658:66419b08bffb,A63
4040:6a1d05c6f8a9e658:6670cacb0f92,B29
4040:6a1d05c6f8a9e658:66e6ec75b4c7,A47
4040:6a1d05c6f8a9e658:66ecfec1741c,B01
4040:6a1d05c6f8a9e658:66f461e8fd25,B05
4040:6a1d05c6f8a9e658:671f335f40e4,B67
4040:6a1d05c6f8a9e658:67650491fc2e,G01
4040:6a1d05c6f8a9e658:67a96aab263a,B05
4040:6a1d05c6f8a9e658:686c68ff9909,B29
4040:6a1d05c6f8a9e658:687b8915bf48,B21
4040:6a1d05c6f8a9e658:688f074dee35,F16
4040:6a1d05c6f8a9e658:68c86c6be509,B32
4040:6a1d05c6f8a9e658:68cd939d792e,C08
4040:6a1d05c6f8a9e658:68e9b9c828c1,G06
4040:6a1d05c6f8a9e658:6910cd659726,G05
4040:6a1d05c6f8a9e658:6942352ebaa6,H04
4040:6a1d05c6f8a9e658:6985a6f1385a,F02
4040:6a1d05c6f8a9e658:6988ebc9c0e6,B32
4040:6a1d05c6f8a9e658:698c92a64be,G01
4040:6a1d05c6f8a9e658:69ae8f8e4395,B22
4040:6a1d05c6f8a9e658:69c0886d5f39,B65
4040:6a1d05c6f8a9e658:69d787b721a7,G05
4040:6a1d05c6f8a9e658:6a450f3778cc,H04
4040:6a1d05c6f8a9e658:6a537c5c73b,F02
4040:6a1d05c6f8a9e658:6a8784865ca1,F01
4040:6a1d05c6f8a9e658:6ab5e132b14f,H04
4040:6a1d05c6f8a9e658:6aefab9c8dd0,B01
4040:6a1d05c6f8a9e658:6af08395bc76,H04
4040:6a1d05c6f8a9e658:6af0f58f6ceb,H05
4040:6a1d05c6f8a9e658:6afa4878fe86,B65
4040:6a1d05c6f8a9e658:6b06bcba4659,B01
4040:6a1d05c6f8a9e658:6b752dd169d,B61
4040:6a1d05c6f8a9e658:6ba11b135f92,B32
4040:6a1d05c6f8a9e658:6bb45adaae78,G01
4040:6a1d05c6f8a9e658:6c22dc8646c1,F02
4040:6a1d05c6f8a9e658:6c36c82304b,B32
4040:6a1d05c6f8a9e658:6c3fd70bca2,C07
4040:6a1d05c6f8a9e658:6c6e79c0cc37,F16
4040:6a1d05c6f8a9e658:6c9e95c71d48,B60
4040:6a1d05c6f8a9e658:6cd131bc4493,H02
4040:6a1d05c6f8a9e658:6d089537f26b,C07
4040:6a1d05c6f8a9e658:6d47dd51a0e4,B32
4040:6a1d05c6f8a9e658:6d53e2630aa6,H04
4040:6a1d05c6f8a9e658:6d90be893e3b,B22
4040:6a1d05c6f8a9e658:6d91f51ada36,B32
4040:6a1d05c6f8a9e658:6da5659402cd,F02
4040:6a1d05c6f8a9e658:6dc3a4a994ee,A47
4040:6a1d05c6f8a9e658:6dce24bb836,C08
4040:6a1d05c6f8a9e658:6dd320e3d2de,B21
4040:6a1d05c6f8a9e658:6df7dcaa09d6,F02
4040:6a1d05c6f8a9e658:6eb660cac235,B62
4040:6a1d05c6f8a9e658:6f006ff5c5fc,A61
4040:6a1d05c6f8a9e658:6f011e6276f1,G01
4040:6a1d05c6f8a9e658:6f1cac6b2d1a,F16
4040:6a1d05c6f8a9e658:6f4dfec814d6,C02
4040:6a1d05c6f8a9e658:6f58514fa049,E21
4040:6a1d05c6f8a9e658:6fbb4e76c85d,B01
4040:6a1d05c6f8a9e658:700ace56727b,B60
4040:6a1d05c6f8a9e658:7086779836d4,F01
4040:6a1d05c6f8a9e658:709a88b46b74,G08
4040:6a1d05c6f8a9e658:70ba57d3b18a,C08
4040:6a1d05c6f8a9e658:70ebdc035923,B01
4040:6a1d05c6f8a9e658:71571796005d,H04
4040:6a1d05c6f8a9e658:7163b4e830d4,E06
4040:6a1d05c6f8a9e658:71e8151fd2cc,C09
4040:6a1d05c6f8a9e658:720c96b8735,F16
4040:6a1d05c6f8a9e658:721a9cf03c32,B67
4040:6a1d05c6f8a9e658:724def25af64,B65
4040:6a1d05c6f8a9e658:725b97a373c8,F02
4040:6a1d05c6f8a9e658:731c42c97021,B65
4040:6a1d05c6f8a9e658:732d1aad8d37,A47
4040:6a1d05c6f8a9e658:733397080b68,B23
4040:6a1d05c6f8a9e658:735d421a612b,B60
4040:6a1d05c6f8a9e658:73615ce40449,F01
4040:6a1d05c6f8a9e658:7368771bc35b,G01
4040:6a1d05c6f8a9e658:73d25e7c5871,H01
4040:6a1d05c6f8a9e658:73f6e8e91b71,B08
4040:6a1d05c6f8a9e658:742a4ad7c365,G09
4040:6a1d05c6f8a9e658:74973ad6bfa3,B32
4040:6a1d05c6f8a9e658:74cd332f66a6,H01
4040:6a1d05c6f8a9e658:74d32068f938,G06
4040:6a1d05c6f8a9e658:74db392decf7,H01
4040:6a1d05c6f8a9e658:74f939901201,F02
4040:6a1d05c6f8a9e658:7502ed280c9a,G01
4040:6a1d05c6f8a9e658:7509145f4815,B29
4040:6a1d05c6f8a9e658:756c729349ad,F02
4040:6a1d05c6f8a9e658:75ce1b493cae,B32
4040:6a1d05c6f8a9e658:75ee78143af,F02
4040:6a1d05c6f8a9e658:76348bb69e92,B65
4040:6a1d05c6f8a9e658:7649e3f80ab3,H04
4040:6a1d05c6f8a9e658:76596af506dd,B65
4040:6a1d05c6f8a9e658:76e624458148,H02
4040:6a1d05c6f8a9e658:76f7784acc33,F02
4040:6a1d05c6f8a9e658:76fc6bcba32f,G08
4040:6a1d05c6f8a9e658:77055e31d819,H01
4040:6a1d05c6f8a9e658:7714dd479d5,B23
4040:6a1d05c6f8a9e658:771f65ac2610,F02
4040:6a1d05c6f8a9e658:7774e981f3d5,F02
4040:6a1d05c6f8a9e658:77aec3dc8b7c,A63
4040:6a1d05c6f8a9e658:780a671c2742,F02
4040:6a1d05c6f8a9e658:780da2c27388,G08
4040:6a1d05c6f8a9e658:786e4ef3159e,B60
4040:6a1d05c6f8a9e658:78740aa94940,C02
4040:6a1d05c6f8a9e658:788591f31a98,H02
4040:6a1d05c6f8a9e658:78a8a02448c,H01
4040:6a1d05c6f8a9e658:78c2f88140a1,G08
4040:6a1d05c6f8a9e658:78cb925daaf8,G21
4040:6a1d05c6f8a9e658:793fa6ff455c,F02
4040:6a1d05c6f8a9e658:7979c8739c1c,E02
4040:6a1d05c6f8a9e658:79970997712,G01
4040:6a1d05c6f8a9e658:79bdb035a9ea,B64
4040:6a1d05c6f8a9e658:79d97e3b32dd,A46
4040:6a1d05c6f8a9e658:7a2290183438,F02
4040:6a1d05c6f8a9e658:7a3b0169ecdb,G01
4040:6a1d05c6f8a9e658:7ad4c1ddfd96,G08
4040:6a1d05c6f8a9e658:7b01297a1b94,B60
4040:6a1d05c6f8a9e658:7b23fb283c08,G05
4040:6a1d05c6f8a9e658:7b257cb8de4f,G09
4040:6a1d05c6f8a9e658:7b270afa19c1,G08
4040:6a1d05c6f8a9e658:7b2baae1f020,B63
4040:6a1d05c6f8a9e658:7b324b318939,G08
4040:6a1d05c6f8a9e658:7b36f683c110,B32
4040:6a1d05c6f8a9e658:7b959e4a215a,H04
4040:6a1d05c6f8a9e658:7ba96ea706e,F01
4040:6a1d05c6f8a9e658:7c53ef4181b8,B29
4040:6a1d05c6f8a9e658:7c96ac130a5d,E04
4040:6a1d05c6f8a9e658:7cbfc954b465,F02
4040:6a1d05c6f8a9e658:7ccc3fbeaa80,B32
4040:6a1d05c6f8a9e658:7cce4057283c,A21
4040:6a1d05c6f8a9e658:7cd25161516d,B62
4040:6a1d05c6f8a9e658:7d4d30b1e201,C04
4040:6a1d05c6f8a9e658:7d8d815c8e41,H01
4040:6a1d05c6f8a9e658:7d9869456c9d,H05
4040:6a1d05c6f8a9e658:7d9b1c6682b3,C08
4040:6a1d05c6f8a9e658:7da70b1e9dc1,E04
4040:6a1d05c6f8a9e658:7db6bde6bd9c,E01
4040:6a1d05c6f8a9e658:7df6ce855069,F01
4040:6a1d05c6f8a9e658:7e4ff50708d3,B23
4040:6a1d05c6f8a9e658:7ea5599f629c,B32
4040:6a1d05c6f8a9e658:7ecd3342e6c5,A01
4040:6a1d05c6f8a9e658:7ee52e616066,G01
4040:6a1d05c6f8a9e658:7f08ce512589,G06
4040:6a1d05c6f8a9e658:7f112d9066ec,B05
4040:6a1d05c6f8a9e658:7f11840b3644,G01
4040:6a1d05c6f8a9e658:7f4d999ced66,G09
4040:6a1d05c6f8a9e658:7f5f25a29cc1,G06
4040:6a1d05c6f8a9e658:7fe0b6d45e69,F01
4040:6a1d05c6f8a9e658:7fe3f6e1696e,G10
4040:6a1d05c6f8a9e658:807d12f0c0a0,B05
4040:6a1d05c6f8a9e658:809238be7fa3,H01
4040:6a1d05c6f8a9e658:8099c1bbb869,B65
4040:6a1d05c6f8a9e658:80b2a4d5f56a,C12
4040:6a1d05c6f8a9e658:81313cee639f,C10
4040:6a1d05c6f8a9e658:814b912f588c,B28
4040:6a1d05c6f8a9e658:819325948912,B05
4040:6a1d05c6f8a9e658:81cb19218416,H01
4040:6a1d05c6f8a9e658:8208590dcd63,B32
4040:6a1d05c6f8a9e658:8219eb1787c6,C02
4040:6a1d05c6f8a9e658:82325752c858,A47
4040:6a1d05c6f8a9e658:826048823d20,G01
4040:6a1d05c6f8a9e658:828a074666d5,H03
4040:6a1d05c6f8a9e658:82962130e6b0,B60
4040:6a1d05c6f8a9e658:82aaed387b4d,C08
4040:6a1d05c6f8a9e658:82b0d242eb21,G01
4040:6a1d05c6f8a9e658:82d4f22be802,F01
4040:6a1d05c6f8a9e658:82da116537a7,G02
4040:6a1d05c6f8a9e658:82f9fecebb77,F04
4040:6a1d05c6f8a9e658:8344010823c3,H04
4040:6a1d05c6f8a9e658:8363b4f9e81b,B32
4040:6a1d05c6f8a9e658:83a24a3d54d9,H01
4040:6a1d05c6f8a9e658:83aedbdf0fb6,F16
4040:6a1d05c6f8a9e658:84aa6d543651,G01
4040:6a1d05c6f8a9e658:84ab6353ded0,G06
4040:6a1d05c6f8a9e658:85343af82265,H04
4040:6a1d05c6f8a9e658:85adb9a241cc,C08
4040:6a1d05c6f8a9e658:85bf91000b9e,G06
4040:6a1d05c6f8a9e658:85c74956f138,H01
4040:6a1d05c6f8a9e658:85d5bfb0d4e4,A47
4040:6a1d05c6f8a9e658:860bde43eea7,G06
4040:6a1d05c6f8a9e658:865af795eb6d,F21
4040:6a1d05c6f8a9e658:86a2a6333c73,G05
4040:6a1d05c6f8a9e658:86b9380bc8fb,G06
4040:6a1d05c6f8a9e658:86f2884db426,G05
4040:6a1d05c6f8a9e658:86fa7d61abb1,B65
4040:6a1d05c6f8a9e658:87a8909eb0c0,B60
4040:6a1d05c6f8a9e658:87fe9d991195,A61
4040:6a1d05c6f8a9e658:880b810daece,F03
4040:6a1d05c6f8a9e658:88475be0212b,F16
4040:6a1d05c6f8a9e658:889d4f367135,G08
4040:6a1d05c6f8a9e658:88cc6984003f,B67
4040:6a1d05c6f8a9e658:891ce21c4264,H04
4040:6a1d05c6f8a9e658:8931e84719cc,B60
4040:6a1d05c6f8a9e658:89be52c3c697,B65
4040:6a1d05c6f8a9e658:89c411312b60,E06
4040:6a1d05c6f8a9e658:89db9ffa5a27,B02
4040:6a1d05c6f8a9e658:89f5a8742645,F02
4040:6a1d05c6f8a9e658:8a373f5b8045,A61
4040:6a1d05c6f8a9e658:8a67b5e588de,F04
4040:6a1d05c6f8a9e658:8a6c3c696c08,H01
4040:6a1d05c6f8a9e658:8ab58f0898f9,F02
4040:6a1d05c6f8a9e658:8ac8e3824bc7,A62
4040:6a1d05c6f8a9e658:8ad52af1dfdb,C07
4040:6a1d05c6f8a9e658:8ad6206433bd,F02
4040:6a1d05c6f8a9e658:8ae18f1efe53,B08
4040:6a1d05c6f8a9e658:8b00c4e21d3c,G02
4040:6a1d05c6f8a9e658:8b18504ab2c7,E21
4040:6a1d05c6f8a9e658:8b2214e94fd3,B60
4040:6a1d05c6f8a9e658:8b8af1325abe,F16
4040:6a1d05c6f8a9e658:8b98d77eae9c,G01
4040:6a1d05c6f8a9e658:8ba291b0a446,B32
4040:6a1d05c6f8a9e658:8be2a3c30acc,H01
4040:6a1d05c6f8a9e658:8ca6270a5c1e,B01
4040:6a1d05c6f8a9e658:8ca81bd6bd1c,B60
4040:6a1d05c6f8a9e658:8cb0821e355c,B62
4040:6a1d05c6f8a9e658:8cc2e0adbd9f,C23
4040:6a1d05c6f8a9e658:8cc6297a165b,G02
4040:6a1d05c6f8a9e658:8ce8823df3fd,G02
4040:6a1d05c6f8a9e658:8d09fa3694dd,B32
4040:6a1d05c6f8a9e658:8d3ff0b0f5bd,H02
4040:6a1d05c6f8a9e658:8d455263910d,A47
4040:6a1d05c6f8a9e658:8d47bc0a0b47,G06
4040:6a1d05c6f8a9e658:8d4bcce2a063,B60
4040:6a1d05c6f8a9e658:8ddf4cc4be89,C07
4040:6a1d05c6f8a9e658:8df72ae434bb,B65
4040:6a1d05c6f8a9e658:8e19b21f45c2,G06
4040:6a1d05c6f8a9e658:8e514bca7d52,B32
4040:6a1d05c6f8a9e658:8ee8ba93dfb3,B60
4040:6a1d05c6f8a9e658:8f42ec6b45f2,G05
4040:6a1d05c6f8a9e658:8f4afed4c86d,H04
4040:6a1d05c6f8a9e658:8f9035d71148,B63
4040:6a1d05c6f8a9e658:8fa3f15d58dc,H04
4040:6a1d05c6f8a9e658:8fb90f9a8e7,B65
4040:6a1d05c6f8a9e658:8fd1970eb0e9,F04
4040:6a1d05c6f8a9e658:8fd626e8918c,B60
4040:6a1d05c6f8a9e658:906ada2fef1b,B65
4040:6a1d05c6f8a9e658:907f789c1d63,B29
4040:6a1d05c6f8a9e658:909471fcb612,F16
4040:6a1d05c6f8a9e658:90b477b1970e,G06
4040:6a1d05c6f8a9e658:90e56612a31f,H04
4040:6a1d05c6f8a9e658:911507fa275c,F02
4040:6a1d05c6f8a9e658:911746a42e85,B63
4040:6a1d05c6f8a9e658:9118ad0f0a52,F16
4040:6a1d05c6f8a9e658:912c9624e457,G01
4040:6a1d05c6f8a9e658:913d653400bc,G05
4040:6a1d05c6f8a9e658:9147caffc0c0,F02
4040:6a1d05c6f8a9e658:9148f5507cd3,C07
4040:6a1d05c6f8a9e658:91648a3f4b54,F42
4040:6a1d05c6f8a9e658:918f627ef1ba,H01
4040:6a1d05c6f8a9e658:91d147e37781,H04
4040:6a1d05c6f8a9e658:91fddd52f0be,H01
4040:6a1d05c6f8a9e658:92028a21cbb7,A61
4040:6a1d05c6f8a9e658:92069aad5d66,B01
4040:6a1d05c6f8a9e658:922ff9608e88,G05
4040:6a1d05c6f8a9e658:923ddc61415,H01
4040:6a1d05c6f8a9e658:92412e502998,B65
4040:6a1d05c6f8a9e658:924b48c6f703,B22
4040:6a1d05c6f8a9e658:927def7d276a,H04
4040:6a1d05c6f8a9e658:92cafbfa65f6,D03
4040:6a1d05c6f8a9e658:9356391a24d6,C07
4040:6a1d05c6f8a9e658:9383fc01e34e,G06
4040:6a1d05c6f8a9e658:93e21d5fa6a6,B60
4040:6a1d05c6f8a9e658:94029f7fc022,B32
4040:6a1d05c6f8a9e658:9411f2ad172b,G06
4040:6a1d05c6f8a9e658:942ca8f1bd08,B67
4040:6a1d05c6f8a9e658:94512ed9953d,B32
4040:6a1d05c6f8a9e658:948a908fec48,B01
4040:6a1d05c6f8a9e658:94924728599d,B01
4040:6a1d05c6f8a9e658:94fa847f8cb9,H04
4040:6a1d05c6f8a9e658:952cb6b9f3cb,F02
4040:6a1d05c6f8a9e658:9538fb7e8767,F04
4040:6a1d05c6f8a9e658:9558ff00cc12,H02
4040:6a1d05c6f8a9e658:957b8fef189a,B01
4040:6a1d05c6f8a9e658:959b4e2be180,C21
4040:6a1d05c6f8a9e658:95dd159c95e5,G02
4040:6a1d05c6f8a9e658:960551a6684e,G01
4040:6a1d05c6f8a9e658:961aa28c18ce,F28
4040:6a1d05c6f8a9e658:962dd6fa6701,G06
4040:6a1d05c6f8a9e658:96b23310add6,F01
4040:6a1d05c6f8a9e658:96b759d381e2,C08
4040:6a1d05c6f8a9e658:96ee55d8b42b,F16
4040:6a1d05c6f8a9e658:96f1e1174217,B32
4040:6a1d05c6f8a9e658:96ff000186fa,H02
4040:6a1d05c6f8a9e658:972e12d23a23,F16
4040:6a1d05c6f8a9e658:979cb88b592a,G06
4040:6a1d05c6f8a9e658:97a8c97a9d9f,H04
4040:6a1d05c6f8a9e658:97c716af584e,A45
4040:6a1d05c6f8a9e658:97d7d3cd6bfb,H03
4040:6a1d05c6f8a9e658:97e41cc9004a,B60
4040:6a1d05c6f8a9e658:9810a8bb1d02,B29
4040:6a1d05c6f8a9e658:981e961b2151,H04
4040:6a1d05c6f8a9e658:981ee00287c4,D21
4040:6a1d05c6f8a9e658:9874698010e1,H04
4040:6a1d05c6f8a9e658:988bba3b6b4c,G06
4040:6a1d05c6f8a9e658:988fae563c4a,G06
4040:6a1d05c6f8a9e658:98bf109ee4bf,A61
4040:6a1d05c6f8a9e658:98c1a942a77a,B60
4040:6a1d05c6f8a9e658:98d1c7da9b40,C10
4040:6a1d05c6f8a9e658:98ff8dcf58f9,B65
4040:6a1d05c6f8a9e658:991d63c98c51,C08
4040:6a1d05c6f8a9e658:994a60e8fa1f,A61
4040:6a1d05c6f8a9e658:9959e3516fff,F01
4040:6a1d05c6f8a9e658:995a468d8aac,H05
4040:6a1d05c6f8a9e658:99ac8d3960d2,A61
4040:6a1d05c6f8a9e658:99c4022578ab,F04
4040:6a1d05c6f8a9e658:99e2608f3df1,B21
4040:6a1d05c6f8a9e658:99f72e27548d,B08
4040:6a1d05c6f8a9e658:9a12368d9b60,H04
4040:6a1d05c6f8a9e658:9a2c558b0e7,B01
4040:6a1d05c6f8a9e658:9a4f8cc54fc2,F02
4040:6a1d05c6f8a9e658:9a7c72120a46,G08
4040:6a1d05c6f8a9e658:9a947a453d16,C08
4040:6a1d05c6f8a9e658:9ace3297a799,B01
4040:6a1d05c6f8a9e658:9ad7a721a485,F04
4040:6a1d05c6f8a9e658:9b76c72afa,G06
4040:6a1d05c6f8a9e658:9b7931a94f09,A61
4040:6a1d05c6f8a9e658:9b7be9b09f0,F01
4040:6a1d05c6f8a9e658:9b8f87d2a1f8,B05
4040:6a1d05c6f8a9e658:9bb1d76e9165,F02
4040:6a1d05c6f8a9e658:9bc6a90c1c29,A01
4040:6a1d05c6f8a9e658:9bcdc18fefc0,F16
4040:6a1d05c6f8a9e658:9c0ce6a38bf8,F01
4040:6a1d05c6f8a9e658:9c28f4f11c77,H04
4040:6a1d05c6f8a9e658:9c44cb8f1ea,C07
4040:6a1d05c6f8a9e658:9c76a3e9b2e8,C23
4040:6a1d05c6f8a9e658:9d07a1bfe423,F27
4040:6a1d05c6f8a9e658:9d66447ef843,B32
4040:6a1d05c6f8a9e658:9d7cabf9ab4a,G01
4040:6a1d05c6f8a9e658:9d9db9decc21,B65
4040:6a1d05c6f8a9e658:9db7e36d0aaa,B60
4040:6a1d05c6f8a9e658:9dd01fad47eb,B01
4040:6a1d05c6f8a9e658:9dd06d739fd0,F01
4040:6a1d05c6f8a9e658:9e027e41e58e,C23
4040:6a1d05c6f8a9e658:9ed5b928194b,B32
4040:6a1d05c6f8a9e658:9eefbcfa52f0,B08
4040:6a1d05c6f8a9e658:9ef198839622,B32
4040:6a1d05c6f8a9e658:9f0150e1a944,H04
4040:6a1d05c6f8a9e658:9f1eeddd789a,F02
4040:6a1d05c6f8a9e658:9f30343a905e,H01
4040:6a1d05c6f8a9e658:9f6473e4e803,H02
4040:6a1d05c6f8a9e658:9f9547d9d22d,F02
4040:6a1d05c6f8a9e658:9fdd56f5bcd6,B32
4040:6a1d05c6f8a9e658:9fe2d110d534,B67
4040:6a1d05c6f8a9e658:9feee9529fb2,H04
4040:6a1d05c6f8a9e658:a0002afca3dc,A61
4040:6a1d05c6f8a9e658:a02260aa3e92,F16
4040:6a1d05c6f8a9e658:a051d1d44c18,B29
4040:6a1d05c6f8a9e658:a071712f8768,F01
4040:6a1d05c6f8a9e658:a077808f78a7,H05
4040:6a1d05c6f8a9e658:a092c7c56373,G01
4040:6a1d05c6f8a9e658:a0bba08ce962,H01
4040:6a1d05c6f8a9e658:a0f28c72d536,F01
4040:6a1d05c6f8a9e658:a0f508a9e26a,D03
4040:6a1d05c6f8a9e658:a12dcf5b57c,F27
4040:6a1d05c6f8a9e658:a139732a70c7,B32
4040:6a1d05c6f8a9e658:a142e3450998,B32
4040:6a1d05c6f8a9e658:a18fdbc4263,E04
4040:6a1d05c6f8a9e658:a19b6c9a0e85,H04
4040:6a1d05c6f8a9e658:a1e3bcbe1b34,G10
4040:6a1d05c6f8a9e658:a21b25e51cb0,A61
4040:6a1d05c6f8a9e658:a2205a7a3289,F16
4040:6a1d05c6f8a9e658:a24af06a88f,F01
4040:6a1d05c6f8a9e658:a2dfc5def2bc,G10
4040:6a1d05c6f8a9e658:a30d112926c,B60
4040:6a1d05c6f8a9e658:a31435c0c626,G01
4040:6a1d05c6f8a9e658:a3ba55a29667,F28
4040:6a1d05c6f8a9e658:a3c4b581861,F02
4040:6a1d05c6f8a9e658:a407b4cbba4e,G06
4040:6a1d05c6f8a9e658:a45ba0dd10db,B62
4040:6a1d05c6f8a9e658:a47ff3fc6507,B60
4040:6a1d05c6f8a9e658:a4b39612d038,C23
4040:6a1d05c6f8a9e658:a50db391c66f,F01
4040:6a1d05c6f8a9e658:a53b10b5a447,F02
4040:6a1d05c6f8a9e658:a54c2fd10c21,B60
4040:6a1d05c6f8a9e658:a5558f0c9a4d,G01
4040:6a1d05c6f8a9e658:a56d6b836bbf,G01
4040:6a1d05c6f8a9e658:a5752dd81678,A63
4040:6a1d05c6f8a9e658:a5fbda0c03aa,C01
4040:6a1d05c6f8a9e658:a6239c39cabd,H01
4040:6a1d05c6f8a9e658:a64e452a7102,B01
4040:6a1d05c6f8a9e658:a657ab976cfb,C09
4040:6a1d05c6f8a9e658:a69bbcac4c1b,H04
4040:6a1d05c6f8a9e658:a6ca45db675f,H03
4040:6a1d05c6f8a9e658:a6da6caee196,H04
4040:6a1d05c6f8a9e658:a74bde3d5dd,B05
4040:6a1d05c6f8a9e658:a78f30916451,G06
4040:6a1d05c6f8a9e658:a7de5c902700,H01
4040:6a1d05c6f8a9e658:a8015028165a,B60
4040:6a1d05c6f8a9e658:a8608973d5e6,H04
4040:6a1d05c6f8a9e658:a89c1172a19e,B65
4040:6a1d05c6f8a9e658:a8e34ae33492,F16
4040:6a1d05c6f8a9e658:a8f40b801149,B01
4040:6a1d05c6f8a9e658:a8f705732884,C12
4040:6a1d05c6f8a9e658:a91886083bc,B21
4040:6a1d05c6f8a9e658:a9399b14ee2e,F04
4040:6a1d05c6f8a9e658:a95dc4c3cf03,B60
4040:6a1d05c6f8a9e658:a96de0237ae5,F02
4040:6a1d05c6f8a9e658:a9b56872d734,H05
4040:6a1d05c6f8a9e658:a9b9262c0039,A63
4040:6a1d05c6f8a9e658:a9d23271fcda,C12
4040:6a1d05c6f8a9e658:a9d519ccc2a1,F02
4040:6a1d05c6f8a9e658:a9d5bbc710cc,F23
4040:6a1d05c6f8a9e658:a9dcdaeb3ec3,F16
4040:6a1d05c6f8a9e658:a9eb01d970d9,C02
4040:6a1d05c6f8a9e658:aa3728ac622b,F16
4040:6a1d05c6f8a9e658:aa5ee5daa613,F02
4040:6a1d05c6f8a9e658:aaa5b76342c9,B64
4040:6a1d05c6f8a9e658:ab360ff5e5de,H03
4040:6a1d05c6f8a9e658:ab73f7536b22,H04
4040:6a1d05c6f8a9e658:ab8deee98e7,B65
4040:6a1d05c6f8a9e658:abac1c413e5d,B65
4040:6a1d05c6f8a9e658:abbfd83e9885,G09
4040:6a1d05c6f8a9e658:abce58bca487,B23
4040:6a1d05c6f8a9e658:abe285c7359e,G01
4040:6a1d05c6f8a9e658:abf46ee55f8d,B29
4040:6a1d05c6f8a9e658:ac2d480e46ba,B32
4040:6a1d05c6f8a9e658:ac37a8b38b27,B32
4040:6a1d05c6f8a9e658:ac60ddd4666d,B26
4040:6a1d05c6f8a9e658:ac7941c0691d,B67
4040:6a1d05c6f8a9e658:ac7f55ded6d1,G02
4040:6a1d05c6f8a9e658:ac8548680f09,G01
4040:6a1d05c6f8a9e658:aca69b71e617,B32
4040:6a1d05c6f8a9e658:acb19261fdf8,H04
4040:6a1d05c6f8a9e658:acc051ed8e0d,C04
4040:6a1d05c6f8a9e658:acd2462b1a60,B32
4040:6a1d05c6f8a9e658:acd2e0e85eb6,H03
4040:6a1d05c6f8a9e658:ace84e9bf387,B23
4040:6a1d05c6f8a9e658:ad3e0ca940fe,G06
4040:6a1d05c6f8a9e658:adbf25c1e00d,F27
4040:6a1d05c6f8a9e658:adeafb7d5bd2,G08
4040:6a1d05c6f8a9e658:adfefc61eed0,G09
4040:6a1d05c6f8a9e658:ae04c87a1eeb,C01
4040:6a1d05c6f8a9e658:ae1f5466dfbb,F02
4040:6a1d05c6f8a9e658:ae24c302e8f3,G08
4040:6a1d05c6f8a9e658:aed207fe720c,G01
4040:6a1d05c6f8a9e658:aeef2f5c18fc,F01
4040:6a1d05c6f8a9e658:aefd923889d,F02
4040:6a1d05c6f8a9e658:aefe03f82a59,G06
4040:6a1d05c6f8a9e658:af0a9560068a,E21
4040:6a1d05c6f8a9e658:af2fb5d029a0,B65
4040:6a1d05c6f8a9e658:af69e11ca233,B32
4040:6a1d05c6f8a9e658:af8d0731bae9,F02
4040:6a1d05c6f8a9e658:afa765adc60a,B64
4040:6a1d05c6f8a9e658:afb215bc13a6,F25
4040:6a1d05c6f8a9e658:afc249b49b8f,B60
4040:6a1d05c6f8a9e658:afc3aba3159d,G08
4040:6a1d05c6f8a9e658:b012216fa863,H04
4040:6a1d05c6f8a9e658:b024cc57ad6b,B32
4040:6a1d05c6f8a9e658:b0bd07a8dfb0,A01
4040:6a1d05c6f8a9e658:b0e83849f1f3,C30
4040:6a1d05c6f8a9e658:b13397480af5,B32
4040:6a1d05c6f8a9e658:b136540e2aee,B64
4040:6a1d05c6f8a9e658:b167a99dd268,B32
4040:6a1d05c6f8a9e658:b1aeeed0db4,G03
4040:6a1d05c6f8a9e658:b1b2c724e41a,C12
4040:6a1d05c6f8a9e658:b1b80514d24a,C08
4040:6a1d05c6f8a9e658:b1c3ee758ce1,C07
4040:6a1d05c6f8a9e658:b1ea6555e82a,A63
4040:6a1d05c6f8a9e658:b233b750e285,A61
4040:6a1d05c6f8a9e658:b250c8a7302e,C23
4040:6a1d05c6f8a9e658:b298f3accd4e,B32
4040:6a1d05c6f8a9e658:b2a6a53d44f,G09
4040:6a1d05c6f8a9e658:b2b5f052cd63,C25
4040:6a1d05c6f8a9e658:b2e83a9ddd0d,G09
4040:6a1d05c6f8a9e658:b3015d17094c,H04
4040:6a1d05c6f8a9e658:b3044a697f9f,F01
4040:6a1d05c6f8a9e658:b31180e9e61,G06
4040:6a1d05c6f8a9e658:b32efeeb80c8,H02
4040:6a1d05c6f8a9e658:b34181365fcf,B29
4040:6a1d05c6f8a9e658:b35917921234,G08
4040:6a1d05c6f8a9e658:b359c7620765,F02
4040:6a1d05c6f8a9e658:b371e4da47b2,G01
4040:6a1d05c6f8a9e658:b3803cfefe3f,G10
4040:6a1d05c6f8a9e658:b38231c87df7,A61
4040:6a1d05c6f8a9e658:b3a140aa7d61,F15
4040:6a1d05c6f8a9e658:b3d1b1cdde88,A23
4040:6a1d05c6f8a9e658:b3ee909664dd,B61
4040:6a1d05c6f8a9e658:b3f17261ac6,G06
4040:6a1d05c6f8a9e658:b3febbb8b64a,B32
4040:6a1d05c6f8a9e658:b440845d4f9b,B07
4040:6a1d05c6f8a9e658:b443512feba9,B60
4040:6a1d05c6f8a9e658:b457b5476e17,B61
4040:6a1d05c6f8a9e658:b47c70786ede,G06
4040:6a1d05c6f8a9e658:b50374f58753,F25
4040:6a1d05c6f8a9e658:b50456b88879,F02
4040:6a1d05c6f8a9e658:b52331b79081,B28
4040:6a1d05c6f8a9e658:b5838c56594d,F02
4040:6a1d05c6f8a9e658:b5951ab5d5b8,H04
4040:6a1d05c6f8a9e658:b5acc75e2ce3,H03
4040:6a1d05c6f8a9e658:b5cdfbb988b1,C01
4040:6a1d05c6f8a9e658:b5e472975799,B32
4040:6a1d05c6f8a9e658:b640be8f19bc,G01
4040:6a1d05c6f8a9e658:b66cfbf7849f,H04
4040:6a1d05c6f8a9e658:b673e25d872a,B32
4040:6a1d05c6f8a9e658:b6943bad8ee4,B60
4040:6a1d05c6f8a9e658:b6b57fa9a054,F16
4040:6a1d05c6f8a9e658:b6b69b797436,G06
4040:6a1d05c6f8a9e658:b6d223134c3f,B05
4040:6a1d05c6f8a9e658:b6d32d48d120,B32
4040:6a1d05c6f8a9e658:b6e624d36772,G01
4040:6a1d05c6f8a9e658:b6f6a4071bc2,C08
4040:6a1d05c6f8a9e658:b74a1bfb5a12,C07
4040:6a1d05c6f8a9e658:b76ca22fab59,B61
4040:6a1d05c6f8a9e658:b788d5a9e07d,B21
4040:6a1d05c6f8a9e658:b7af2125f416,B32
4040:6a1d05c6f8a9e658:b7ba6f8e8676,B23
4040:6a1d05c6f8a9e658:b7ef2b19be48,F02
4040:6a1d05c6f8a9e658:b81bdc32a325,C10
4040:6a1d05c6f8a9e658:b83645cc3099,G06
4040:6a1d05c6f8a9e658:b8404a3522c6,B60
4040:6a1d05c6f8a9e658:b866129b72e2,G09
4040:6a1d05c6f8a9e658:b88b046bd85d,G06
4040:6a1d05c6f8a9e658:b9031a960ca1,B32
4040:6a1d05c6f8a9e658:b923cc732e50,C07
4040:6a1d05c6f8a9e658:b92f56145589,A47
4040:6a1d05c6f8a9e658:b94fc6a4e581,B29
4040:6a1d05c6f8a9e658:b98fa8ffed5f,B32
4040:6a1d05c6f8a9e658:b9b64bd5b6eb,F16
4040:6a1d05c6f8a9e658:b9c1adcd38eb,A63
4040:6a1d05c6f8a9e658:b9cab174b497,G06
4040:6a1d05c6f8a9e658:b9e1e5b8bdd9,F01
4040:6a1d05c6f8a9e658:b9eb5a331d57,E21
4040:6a1d05c6f8a9e658:ba09280d4cfd,B08
4040:6a1d05c6f8a9e658:ba227ce9d7c6,F02
4040:6a1d05c6f8a9e658:ba41da7d0214,H01
4040:6a1d05c6f8a9e658:ba439dc5a0d3,B60
4040:6a1d05c6f8a9e658:ba76448b807d,F02
4040:6a1d05c6f8a9e658:bac43ac0467d,G01
4040:6a1d05c6f8a9e658:bad95a4551d4,B29
4040:6a1d05c6f8a9e658:badc73a1bddf,B32
4040:6a1d05c6f8a9e658:bae43a7037c4,H03
4040:6a1d05c6f8a9e658:bb3519634356,C22
4040:6a1d05c6f8a9e658:bb4900e0c2fb,B65
4040:6a1d05c6f8a9e658:bb6449c1c177,A62
4040:6a1d05c6f8a9e658:bba3a7ad33bf,G06
4040:6a1d05c6f8a9e658:bba3ed234dea,H04
4040:6a1d05c6f8a9e658:bc059babef86,G06
4040:6a1d05c6f8a9e658:bc2ec49c4afe,B32
4040:6a1d05c6f8a9e658:bc4639273ba4,F21
4040:6a1d05c6f8a9e658:bc8b65ad01f3,A63
4040:6a1d05c6f8a9e658:bcbb3cfcd620,B32
4040:6a1d05c6f8a9e658:bcc921d7c2f5,C23
4040:6a1d05c6f8a9e658:bcfec658b9cd,G09
4040:6a1d05c6f8a9e658:bdde77a6f25e,A61
4040:6a1d05c6f8a9e658:be89f066babd,C12
4040:6a1d05c6f8a9e658:be9d8e71e1a8,F01
4040:6a1d05c6f8a9e658:beb038570c3,G01
4040:6a1d05c6f8a9e658:bed53d29cd73,B32
4040:6a1d05c6f8a9e658:bee09b8f6d55,F16
4040:6a1d05c6f8a9e658:beec75ae0b93,B01
4040:6a1d05c6f8a9e658:beece0bcd012,G06
4040:6a1d05c6f8a9e658:bf25fc90b503,G02
4040:6a1d05c6f8a9e658:bf3792301bce,F03
4040:6a1d05c6f8a9e658:bf3f61c9284a,H04
4040:6a1d05c6f8a9e658:bf5f8357267,G06
4040:6a1d05c6f8a9e658:bf634da7b851,E06
4040:6a1d05c6f8a9e658:bf83622c8333,G08
4040:6a1d05c6f8a9e658:bf90477e72bf,B60
4040:6a1d05c6f8a9e658:bfb7c79506f1,H04
4040:6a1d05c6f8a9e658:bfc16e814ae0,F02
4040:6a1d05c6f8a9e658:bfc4dbfa2d39,D04
4040:6a1d05c6f8a9e658:bfdc033f4749,B32
4040:6a1d05c6f8a9e658:bff0edb44fb3,H02
4040:6a1d05c6f8a9e658:c077ca4a1e8a,H02
4040:6a1d05c6f8a9e658:c07b5d49e0de,A61
4040:6a1d05c6f8a9e658:c0e81ab7356e,B01
4040:6a1d05c6f8a9e658:c11113f28d9a,G01
4040:6a1d05c6f8a9e658:c1224d7bd7aa,B32
4040:6a1d05c6f8a9e658:c1424e698302,F01
4040:6a1d05c6f8a9e658:c19d39c3481b,G09
4040:6a1d05c6f8a9e658:c1c648ca3a2,G06
4040:6a1d05c6f8a9e658:c2915e1e40bb,G06
4040:6a1d05c6f8a9e658:c2b6e9c6e1bb,B05
4040:6a1d05c6f8a9e658:c2d5942d2579,B63
4040:6a1d05c6f8a9e658:c3978d12a470,F21
4040:6a1d05c6f8a9e658:c3f7bd8c426e,G02
4040:6a1d05c6f8a9e658:c403ecd9631a,A47
4040:6a1d05c6f8a9e658:c45f8cdc9da3,B23
4040:6a1d05c6f8a9e658:c4661bccd453,B60
4040:6a1d05c6f8a9e658:c46fa3ba172f,A61
4040:6a1d05c6f8a9e658:c4913e4b9c4,F01
4040:6a1d05c6f8a9e658:c4bb6c159274,F16
4040:6a1d05c6f8a9e658:c53a8f0cacfd,F02
4040:6a1d05c6f8a9e658:c5c788d52c82,E21
4040:6a1d05c6f8a9e658:c5e4677fa0a2,B32
4040:6a1d05c6f8a9e658:c5ebf8e43479,G05
4040:6a1d05c6f8a9e658:c67569cbc9d,B29
4040:6a1d05c6f8a9e658:c6ef8b346bc3,F16
4040:6a1d05c6f8a9e658:c701523d74a5,F16
4040:6a1d05c6f8a9e658:c73379b322d5,G06
4040:6a1d05c6f8a9e658:c741f3afe76b,C10
4040:6a1d05c6f8a9e658:c7552414e1d5,H04
4040:6a1d05c6f8a9e658:c75956eda9f,G06
4040:6a1d05c6f8a9e658:c7fdf03929c9,B60
4040:6a1d05c6f8a9e658:c802cf93de4f,A01
4040:6a1d05c6f8a9e658:c8265eba100,H04
4040:6a1d05c6f8a9e658:c82fbe920275,C08
4040:6a1d05c6f8a9e658:c8314e87df20,H04
4040:6a1d05c6f8a9e658:c8366cb73a23,H04
4040:6a1d05c6f8a9e658:c855b15903bf,H02
4040:6a1d05c6f8a9e658:c88a621b8746,G06
4040:6a1d05c6f8a9e658:c8a3a7559d06,B23
4040:6a1d05c6f8a9e658:c90ddfb7f3d9,B62
4040:6a1d05c6f8a9e658:c914afe9f37a,B64
4040:6a1d05c6f8a9e658:c978495846f1,C11
4040:6a1d05c6f8a9e658:c986d7cac0ed,B22
4040:6a1d05c6f8a9e658:c9e8932a1802,G05
4040:6a1d05c6f8a9e658:ca3618793019,B24
4040:6a1d05c6f8a9e658:ca7f4627e55d,B60
4040:6a1d05c6f8a9e658:cb043219705,C08
4040:6a1d05c6f8a9e658:cb213ed4f31b,H01
4040:6a1d05c6f8a9e658:cb30276cf844,G11
4040:6a1d05c6f8a9e658:cb67bc1a1598,C12
4040:6a1d05c6f8a9e658:cb6edd471be1,G06
4040:6a1d05c6f8a9e658:cbc0b01e8528,A63
4040:6a1d05c6f8a9e658:cbd6f963e2c6,H04
4040:6a1d05c6f8a9e658:cbf725407b81,G06
4040:6a1d05c6f8a9e658:cc33be95300b,G06
4040:6a1d05c6f8a9e658:cc52f41c65e1,G01
4040:6a1d05c6f8a9e658:cc5a4239bb70,H03
4040:6a1d05c6f8a9e658:cca357118a3f,F04
4040:6a1d05c6f8a9e658:cca537339729,G09
4040:6a1d05c6f8a9e658:cd28e8fb5491,F03
4040:6a1d05c6f8a9e658:cd46da27dd86,D21
4040:6a1d05c6f8a9e658:cdbb4abb7f7c,F02
4040:6a1d05c6f8a9e658:cdd0b2f6ea5a,F02
4040:6a1d05c6f8a9e658:cde23b2ad70b,B05
4040:6a1d05c6f8a9e658:cdeb1dc46954,D04
4040:6a1d05c6f8a9e658:cdfb3f4c8dd3,H01
4040:6a1d05c6f8a9e658:cead0f2e6b8,F16
4040:6a1d05c6f8a9e658:cec9a1f5bc0a,A21
4040:6a1d05c6f8a9e658:cecc2efbc912,G01
4040:6a1d05c6f8a9e658:cf17c4153cbb,H04
4040:6a1d05c6f8a9e658:cf31ee32d788,F16
4040:6a1d05c6f8a9e658:cf4ad5a8c536,B07
4040:6a1d05c6f8a9e658:cf8cecb4f3e7,A63
4040:6a1d05c6f8a9e658:cfb875993e92,F02
4040:6a1d05c6f8a9e658:cfb9094b9661,A01
4040:6a1d05c6f8a9e658:cffcc216bbad,F16
4040:6a1d05c6f8a9e658:d019059aa840,H02
4040:6a1d05c6f8a9e658:d028806295dd,B41
4040:6a1d05c6f8a9e658:d038e3ce7359,E06
4040:6a1d05c6f8a9e658:d0726e7d65c5,B60
4040:6a1d05c6f8a9e658:d07b9a167193,C11
4040:6a1d05c6f8a9e658:d08731e0c050,C02
4040:6a1d05c6f8a9e658:d0877961e2ed,F02
4040:6a1d05c6f8a9e658:d0c99bb510a5,G06
4040:6a1d05c6f8a9e658:d0cb39cde4c6,F02
4040:6a1d05c6f8a9e658:d122f7ec0cf0,G06
4040:6a1d05c6f8a9e658:d1a88c56a60d,G06
4040:6a1d05c6f8a9e658:d1cce4e78b7e,D04
4040:6a1d05c6f8a9e658:d1e14e9b5215,B22
4040:6a1d05c6f8a9e658:d20cdef8332a,G06
4040:6a1d05c6f8a9e658:d360f6d5a5a9,G06
4040:6a1d05c6f8a9e658:d367df194c72,A23
4040:6a1d05c6f8a9e658:d3ab8d93f781,F16
4040:6a1d05c6f8a9e658:d3c1727648e3,G01
4040:6a1d05c6f8a9e658:d3d4e340c450,F01
4040:6a1d05c6f8a9e658:d3d7e4e9382e,C08
4040:6a1d05c6f8a9e658:d3ec751dcc9c,F01
4040:6a1d05c6f8a9e658:d3f374854f2,G06
4040:6a1d05c6f8a9e658:d4723af56516,B60
4040:6a1d05c6f8a9e658:d4c7bda7ef54,F02
4040:6a1d05c6f8a9e658:d5180c003de1,H01
4040:6a1d05c6f8a9e658:d572229b983,G06
4040:6a1d05c6f8a9e658:d58f19201515,B32
4040:6a1d05c6f8a9e658:d5904a49ddaf,G01
4040:6a1d05c6f8a9e658:d5924834afe2,B32
4040:6a1d05c6f8a9e658:d5a4de05abc9,A47
4040:6a1d05c6f8a9e658:d5e7d5290592,F23
4040:6a1d05c6f8a9e658:d6040d82898c,A61
4040:6a1d05c6f8a9e658:d6049a9f018c,B32
4040:6a1d05c6f8a9e658:d674cd60ec85,F16
4040:6a1d05c6f8a9e658:d69a4b26d14a,G09
4040:6a1d05c6f8a9e658:d6a9c72d7e83,B24
4040:6a1d05c6f8a9e658:d6dec2345a02,G06
4040:6a1d05c6f8a9e658:d72854c1cde9,F02
4040:6a1d05c6f8a9e658:d75f2c4ad916,H04
4040:6a1d05c6f8a9e658:d760792fcd56,F15
4040:6a1d05c6f8a9e658:d771d34b8e,B32
4040:6a1d05c6f8a9e658:d792709aab32,G05
4040:6a1d05c6f8a9e658:d7a2c7adbdda,F23
4040:6a1d05c6f8a9e658:d7d0accbc8d4,G01
4040:6a1d05c6f8a9e658:d7fd0b8111b7,G01
4040:6a1d05c6f8a9e658:d84a6930636e,F16
4040:6a1d05c6f8a9e658:d8822df21fc9,F16
4040:6a1d05c6f8a9e658:d8948c0c1323,B22
4040:6a1d05c6f8a9e658:d895ce4f62e0,A63
4040:6a1d05c6f8a9e658:d8d0d793aeef,G06
4040:6a1d05c6f8a9e658:d8f032f0c9d5,F16
4040:6a1d05c6f8a9e658:d8ff3a581836,G01
4040:6a1d05c6f8a9e658:d91a52849850,C12
4040:6a1d05c6f8a9e658:d97e04ac486d,G01
4040:6a1d05c6f8a9e658:d99b74a76337,G06
4040:6a1d05c6f8a9e658:d9c13ae6218c,F02
4040:6a1d05c6f8a9e658:d9d15fd541b2,F02
4040:6a1d05c6f8a9e658:d9df1e9d4e0e,F15
4040:6a1d05c6f8a9e658:da3602b700c8,H02
4040:6a1d05c6f8a9e658:da455ff376d1,G06
4040:6a1d05c6f8a9e658:da6717dc77cc,G06
4040:6a1d05c6f8a9e658:daa57698706c,F02
4040:6a1d05c6f8a9e658:dae771b868ed,G06
4040:6a1d05c6f8a9e658:db66ae1eb25a,C08
4040:6a1d05c6f8a9e658:db80d9987628,D03
4040:6a1d05c6f8a9e658:db92c1175399,G08
4040:6a1d05c6f8a9e658:dbb475b0298b,C07
4040:6a1d05c6f8a9e658:dc1c32b48f4c,F02
4040:6a1d05c6f8a9e658:dc803ecd929e,F04
4040:6a1d05c6f8a9e658:dcb878455f34,B67
4040:6a1d05c6f8a9e658:dd1060ad2593,B32
4040:6a1d05c6f8a9e658:dd36a251745,F02
4040:6a1d05c6f8a9e658:dd70cc82db16,F01
4040:6a1d05c6f8a9e658:dd958d03c9f0,B65
4040:6a1d05c6f8a9e658:dd99b38b958e,G09
4040:6a1d05c6f8a9e658:dda017449b3f,C08
4040:6a1d05c6f8a9e658:de03c5d7070f,G08
4040:6a1d05c6f8a9e658:de07770bda21,G06
4040:6a1d05c6f8a9e658:de4fcdfbca88,A23
4040:6a1d05c6f8a9e658:de5653ead8b7,F16
4040:6a1d05c6f8a9e658:de58546229e,D03
4040:6a1d05c6f8a9e658:dea42e629884,A61
4040:6a1d05c6f8a9e658:dee9d1237a6,B05
4040:6a1d05c6f8a9e658:df09697a2ded,A01
4040:6a1d05c6f8a9e658:df4175648890,B66
4040:6a1d05c6f8a9e658:df51b0732a99,A47
4040:6a1d05c6f8a9e658:df56d331f909,G08
4040:6a1d05c6f8a9e658:df7e4bdb767,G08
4040:6a1d05c6f8a9e658:dfadf37f585a,G06
4040:6a1d05c6f8a9e658:e0072832e5a8,B23
4040:6a1d05c6f8a9e658:e00e4655d84b,B03
4040:6a1d05c6f8a9e658:e016e798b86e,H04
4040:6a1d05c6f8a9e658:e049cc7cc801,F16
4040:6a1d05c6f8a9e658:e051b49cdba1,H04
4040:6a1d05c6f8a9e658:e055e38d7c06,B32
4040:6a1d05c6f8a9e658:e058a1d79431,A61
4040:6a1d05c6f8a9e658:e073b4405e3c,B32
4040:6a1d05c6f8a9e658:e0adcdb10088,A63
4040:6a1d05c6f8a9e658:e0b033d56db2,E06
4040:6a1d05c6f8a9e658:e1087f88267c,F01
4040:6a1d05c6f8a9e658:e10b9b577d4a,D04
4040:6a1d05c6f8a9e658:e11294ecae1a,F23
4040:6a1d05c6f8a9e658:e12c2a365d33,H04
4040:6a1d05c6f8a9e658:e19a3d89a299,G06
4040:6a1d05c6f8a9e658:e1c290967ed9,G09
4040:6a1d05c6f8a9e658:e1d216fbf5e5,F16
4040:6a1d05c6f8a9e658:e222779dc0f0,H02
4040:6a1d05c6f8a9e658:e23225ed5455,A61
4040:6a1d05c6f8a9e658:e2ec5c643646,G01
4040:6a1d05c6f8a9e658:e2ee88804ce1,G01
4040:6a1d05c6f8a9e658:e34a9f95a52c,H03
4040:6a1d05c6f8a9e658:e3500ddcfe16,B01
4040:6a1d05c6f8a9e658:e36f126d89a8,B08
4040:6a1d05c6f8a9e658:e3be1eae2595,H04
4040:6a1d05c6f8a9e658:e3fba3b393b2,B60
4040:6a1d05c6f8a9e658:e3ffc77dc388,F02
4040:6a1d05c6f8a9e658:e42903e40e29,G01
4040:6a1d05c6f8a9e658:e4791e4308c5,B32
4040:6a1d05c6f8a9e658:e4e203dfb557,B65
4040:6a1d05c6f8a9e658:e4e910215e98,C04
4040:6a1d05c6f8a9e658:e50cd17bd620,G05
4040:6a1d05c6f8a9e658:e56cdf7be906,H04
4040:6a1d05c6f8a9e658:e57267c9f9bb,E21
4040:6a1d05c6f8a9e658:e59dd895440a,F02
4040:6a1d05c6f8a9e658:e5aade3aa20c,G01
4040:6a1d05c6f8a9e658:e5c64a581bfc,B32
4040:6a1d05c6f8a9e658:e5c8f6577f4,B67
4040:6a1d05c6f8a9e658:e5e79b3d018f,A61
4040:6a1d05c6f8a9e658:e5fcaef2d29a,H01
4040:6a1d05c6f8a9e658:e60df9b9b673,H04
4040:6a1d05c6f8a9e658:e6700494c47a,A61
4040:6a1d05c6f8a9e658:e6795b798f1f,F02
4040:6a1d05c6f8a9e658:e69d6e009f75,G08
4040:6a1d05c6f8a9e658:e6f18932e5cb,G06
4040:6a1d05c6f8a9e658:e718d4cd3db7,G01
4040:6a1d05c6f8a9e658:e71cb4c7189d,F04
4040:6a1d05c6f8a9e658:e735420dc6df,H03
4040:6a1d05c6f8a9e658:e742a2ad1f47,B67
4040:6a1d05c6f8a9e658:e74b8fc55936,B61
4040:6a1d05c6f8a9e658:e7749079401d,H01
4040:6a1d05c6f8a9e658:e7797f6ee61a,C03
4040:6a1d05c6f8a9e658:e795c8a4a11c,C08
4040:6a1d05c6f8a9e658:e805d1f7617,G05
4040:6a1d05c6f8a9e658:e826ccdfdd69,B26
4040:6a1d05c6f8a9e658:e834dddfabc8,A63
4040:6a1d05c6f8a9e658:e83e832e6049,G01
4040:6a1d05c6f8a9e658:e869cc113e09,F04
4040:6a1d05c6f8a9e658:e89c4c44dfbc,F23
4040:6a1d05c6f8a9e658:e8ea311773aa,G06
4040:6a1d05c6f8a9e658:e8ee21bf851c,F16
4040:6a1d05c6f8a9e658:e95f7aa8b50a,G01
4040:6a1d05c6f8a9e658:e9b7d618ad09,B32
4040:6a1d05c6f8a9e658:e9fb0ccc6545,F01
4040:6a1d05c6f8a9e658:ea128e743242,G06
4040:6a1d05c6f8a9e658:ea433da6480b,B21
4040:6a1d05c6f8a9e658:ea446d12161e,H04
4040:6a1d05c6f8a9e658:ea4992d4d81,G05
4040:6a1d05c6f8a9e658:ea6204398ad0,H04
4040:6a1d05c6f8a9e658:ea8801731b6c,B60
4040:6a1d05c6f8a9e658:eaa899f6a26e,H04
4040:6a1d05c6f8a9e658:eac87f801944,H04
4040:6a1d05c6f8a9e658:eacf1e6a18d9,F01
4040:6a1d05c6f8a9e658:ead37b10c4bb,B66
4040:6a1d05c6f8a9e658:eadddf9632fc,B21
4040:6a1d05c6f8a9e658:eb14c55c1f53,F01
4040:6a1d05c6f8a9e658:eb17f5b2f7a1,E21
4040:6a1d05c6f8a9e658:eb1c7374c3d0,G06
4040:6a1d05c6f8a9e658:eb32ae558dd4,G06
4040:6a1d05c6f8a9e658:ebbe8d94b956,A47
4040:6a1d05c6f8a9e658:ebd936ee5cb6,F02
4040:6a1d05c6f8a9e658:ec05521aa38,A46
4040:6a1d05c6f8a9e658:ec4aa5bfd716,H02
4040:6a1d05c6f8a9e658:ec50457ed425,D21
4040:6a1d05c6f8a9e658:ec8625b55e79,H03
4040:6a1d05c6f8a9e658:ece753b019fd,B60
4040:6a1d05c6f8a9e658:ed4047006a2d,C09
4040:6a1d05c6f8a9e658:eda05db7d268,F01
4040:6a1d05c6f8a9e658:ede12dbb2044,G01
4040:6a1d05c6f8a9e658:ee0698793888,G09
4040:6a1d05c6f8a9e658:ee6c26b9c8a1,B66
4040:6a1d05c6f8a9e658:ee7c0fce0aba,H01
4040:6a1d05c6f8a9e658:eef3b71e7084,G01
4040:6a1d05c6f8a9e658:ef033ac4c355,G06
4040:6a1d05c6f8a9e658:ef1150b37761,H01
4040:6a1d05c6f8a9e658:ef1891e4d495,H03
4040:6a1d05c6f8a9e658:ef295a56fb3d,G05
4040:6a1d05c6f8a9e658:ef475f90e0ba,A63
4040:6a1d05c6f8a9e658:ef5c1c368c0d,C07
4040:6a1d05c6f8a9e658:ef7cb3abf72a,B01
4040:6a1d05c6f8a9e658:ef9d39ab339e,F02
4040:6a1d05c6f8a9e658:efd910bbaea6,B29
4040:6a1d05c6f8a9e658:efe60b95774c,B32
4040:6a1d05c6f8a9e658:f004a26edcf7,H04
4040:6a1d05c6f8a9e658:f05076650f9d,F04
4040:6a1d05c6f8a9e658:f05a8146d292,A47
4040:6a1d05c6f8a9e658:f069e35ca83,F02
4040:6a1d05c6f8a9e658:f0c3793e3ddd,B25
4040:6a1d05c6f8a9e658:f0ceed0444fc,B32
4040:6a1d05c6f8a9e658:f0d3b5f4c9aa,E04
4040:6a1d05c6f8a9e658:f0d3bc5c5e20,G06
4040:6a1d05c6f8a9e658:f0e0074d7f9e,G08
4040:6a1d05c6f8a9e658:f10e4b768c13,A61
4040:6a1d05c6f8a9e658:f110555160fc,F02
4040:6a1d05c6f8a9e658:f11f84de440c,B32
4040:6a1d05c6f8a9e658:f147fb3cf6c6,B08
4040:6a1d05c6f8a9e658:f14a8362ff99,H01
4040:6a1d05c6f8a9e658:f15a99c57495,F16
4040:6a1d05c6f8a9e658:f1a7063722b0,H04
4040:6a1d05c6f8a9e658:f1b293c9e367,B62
4040:6a1d05c6f8a9e658:f1f85f762080,F16
4040:6a1d05c6f8a9e658:f26a0a32f548,A61
4040:6a1d05c6f8a9e658:f2733dda2600,G01
4040:6a1d05c6f8a9e658:f28190853a67,F16
4040:6a1d05c6f8a9e658:f2979c64d33f,B23
4040:6a1d05c6f8a9e658:f2ab113aafdf,G06
4040:6a1d05c6f8a9e658:f30a1ebf2863,H01
4040:6a1d05c6f8a9e658:f31693158396,A61
4040:6a1d05c6f8a9e658:f335a5955a60,G09
4040:6a1d05c6f8a9e658:f3384e35b9d2,F02
4040:6a1d05c6f8a9e658:f35e26dc8fe0,H03
4040:6a1d05c6f8a9e658:f3b8517400a5,G06
4040:6a1d05c6f8a9e658:f3e438aa9486,B63
4040:6a1d05c6f8a9e658:f3f6bec72a84,G06
4040:6a1d05c6f8a9e658:f43d263c14f9,B08
4040:6a1d05c6f8a9e658:f4441fa39b84,H01
4040:6a1d05c6f8a9e658:f44567e46e49,C08
4040:6a1d05c6f8a9e658:f44af711422f,G08
4040:6a1d05c6f8a9e658:f44afcc4bd8c,G21
4040:6a1d05c6f8a9e658:f453fc6fa369,G09
4040:6a1d05c6f8a9e658:f45a9bfa9d1e,B66
4040:6a1d05c6f8a9e658:f48995137742,C10
4040:6a1d05c6f8a9e658:f53d7b55197c,C09
4040:6a1d05c6f8a9e658:f55dd39805db,B65
4040:6a1d05c6f8a9e658:f575292e50f4,B32
4040:6a1d05c6f8a9e658:f5a0a08031bc,B23
4040:6a1d05c6f8a9e658:f5cda4a5a916,B08
4040:6a1d05c6f8a9e658:f67f88647f6e,B65
4040:6a1d05c6f8a9e658:f69146a47e5a,G06
4040:6a1d05c6f8a9e658:f6b915e5a02a,F02
4040:6a1d05c6f8a9e658:f6ca48fc7b66,G06
4040:6a1d05c6f8a9e658:f6d859f6cd9f,H02
4040:6a1d05c6f8a9e658:f6d861ac03ca,F27
4040:6a1d05c6f8a9e658:f6e56efea39,B01
4040:6a1d05c6f8a9e658:f6eaa0877718,H04
4040:6a1d05c6f8a9e658:f713d09d4491,B01
4040:6a1d05c6f8a9e658:f73aa865d14,A63
4040:6a1d05c6f8a9e658:f754f349b508,A47
4040:6a1d05c6f8a9e658:f7669bed105f,A01
4040:6a1d05c6f8a9e658:f76f8846599b,H04
4040:6a1d05c6f8a9e658:f78a2315244f,B29
4040:6a1d05c6f8a9e658:f78a5caaad94,A61
4040:6a1d05c6f8a9e658:f7baebc81c3d,G09
4040:6a1d05c6f8a9e658:f7ee4bfc9c45,B67
4040:6a1d05c6f8a9e658:f818fd8cb2d6,G08
4040:6a1d05c6f8a9e658:f828e142ae75,F02
4040:6a1d05c6f8a9e658:f831a296727d,F04
4040:6a1d05c6f8a9e658:f83d9c347a90,F01
4040:6a1d05c6f8a9e658:f84492e1f50b,B32
4040:6a1d05c6f8a9e658:f8c47a9f557,G05
4040:6a1d05c6f8a9e658:f8e88d1887a8,H03
4040:6a1d05c6f8a9e658:f8eb1dfb71e2,B65
4040:6a1d05c6f8a9e658:f96685ae52da,F16
4040:6a1d05c6f8a9e658:f96924a67787,B01
4040:6a1d05c6f8a9e658:f97d62e45c2a,B01
4040:6a1d05c6f8a9e658:f98ae2b84457,B32
4040:6a1d05c6f8a9e658:f9b39bb5a463,G06
4040:6a1d05c6f8a9e658:f9d415ab49ea,F01
4040:6a1d05c6f8a9e658:f9e43e01d248,B60
4040:6a1d05c6f8a9e658:f9fbbf81b055,B32
4040:6a1d05c6f8a9e658:fa07965ca7cf,B65
4040:6a1d05c6f8a9e658:fa0aad57d234,G01
4040:6a1d05c6f8a9e658:fa186571bb11,H03
4040:6a1d05c6f8a9e658:fa5c33ae3745,A61
4040:6a1d05c6f8a9e658:fa76f33bbdeb,F16
4040:6a1d05c6f8a9e658:fac09df1aa08,F02
4040:6a1d05c6f8a9e658:fb0046429c03,B01
4040:6a1d05c6f8a9e658:fb0c96a334ca,B01
4040:6a1d05c6f8a9e658:fb5086708f51,F16
4040:6a1d05c6f8a9e658:fb6f77fcf2ff,B05
4040:6a1d05c6f8a9e658:fbbdd9c375f,G06
4040:6a1d05c6f8a9e658:fbf2d5aef0c1,A61
4040:6a1d05c6f8a9e658:fc0da0670b16,G01
4040:6a1d05c6f8a9e658:fc557eafabe,G06
4040:6a1d05c6f8a9e658:fc67616883ef,G06
4040:6a1d05c6f8a9e658:fc94f70a7d10,B60
4040:6a1d05c6f8a9e658:fcab7dd9a1f0,H03
4040:6a1d05c6f8a9e658:fcb07482cd5b,F01
4040:6a1d05c6f8a9e658:fcc1bcd48532,B22
4040:6a1d05c6f8a9e658:fce736f6cd2d,G05
4040:6a1d05c6f8a9e658:fd1c32d24e57,C08
4040:6a1d05c6f8a9e658:fd29d505ac86,B32
4040:6a1d05c6f8a9e658:fd5ab2459b4e,H04
4040:6a1d05c6f8a9e658:fd684b35d326,A61
4040:6a1d05c6f8a9e658:fd6fb9ae73f1,B60
4040:6a1d05c6f8a9e658:fd823ca11427,A01
4040:6a1d05c6f8a9e658:fd99d6a47492,B60
4040:6a1d05c6f8a9e658:fe0a3148ae2,F16
4040:6a1d05c6f8a9e658:fe7fbfb2bba6,F02
4040:6a1d05c6f8a9e658:fe85ec19980a,A01
4040:6a1d05c6f8a9e658:feacca5ddf48,F01
4040:6a1d05c6f8a9e658:fec70c873015,B29
4040:6a1d05c6f8a9e658:feda6ad3817,G05
4040:6a1d05c6f8a9e658:fee40ba9855a,C09
4040:6a1d05c6f8a9e658:ff172a5f959a,B32
4040:6a1d05c6f8a9e658:ff2aafe45b76,B60
4040:6a1d05c6f8a9e658:ffbf691f0328,C01
